-- phpMyAdmin SQL Dump
-- version 5.0.1
-- https://www.phpmyadmin.net/
--
-- Hôte : 127.0.0.1
-- Généré le : mer. 07 oct. 2020 à 22:45
-- Version du serveur :  10.4.11-MariaDB
-- Version de PHP : 7.4.3

SET SQL_MODE = "NO_AUTO_VALUE_ON_ZERO";
SET AUTOCOMMIT = 0;
START TRANSACTION;
SET time_zone = "+00:00";


/*!40101 SET @OLD_CHARACTER_SET_CLIENT=@@CHARACTER_SET_CLIENT */;
/*!40101 SET @OLD_CHARACTER_SET_RESULTS=@@CHARACTER_SET_RESULTS */;
/*!40101 SET @OLD_COLLATION_CONNECTION=@@COLLATION_CONNECTION */;
/*!40101 SET NAMES utf8mb4 */;

--
-- Base de données : `bibliotheque`
--
CREATE DATABASE IF NOT EXISTS `bibliotheque` DEFAULT CHARACTER SET utf8mb4 COLLATE utf8mb4_general_ci;
USE `bibliotheque`;

-- --------------------------------------------------------

--
-- Structure de la table `auteur`
--

CREATE TABLE `auteur` (
  `id` int(11) NOT NULL,
  `nom` varchar(100) NOT NULL,
  `prenom` varchar(100) NOT NULL,
  `nationalite` varchar(100) NOT NULL
) ENGINE=InnoDB DEFAULT CHARSET=utf8mb4;

--
-- Déchargement des données de la table `auteur`
--

INSERT INTO `auteur` (`id`, `nom`, `prenom`, `nationalite`) VALUES
(1, 'O\'Hara', 'Raoul', 'Algeria'),
(2, 'Kunde', 'Zella', 'Singapore'),
(3, 'Lebsack', 'Bobby', 'Seychelles'),
(4, 'Brekke', 'Bradford', 'Australia'),
(5, 'Crist', 'Christopher', 'Lebanon'),
(6, 'Kuhic', 'Richmond', 'Bangladesh'),
(7, 'Grady', 'Rigoberto', 'Burkina Faso'),
(8, 'Hirthe', 'Aletha', 'Haiti'),
(9, 'Kihn', 'Hettie', 'Togo'),
(10, 'Schinner', 'Ola', 'Zambia'),
(11, 'Gulgowski', 'Marlen', 'United Arab Emirates'),
(12, 'Greenholt', 'Ephraim', 'Iceland'),
(13, 'Franecki', 'Cassidy', 'Kiribati'),
(14, 'Runolfsdottir', 'Bert', 'French Guiana'),
(15, 'Marvin', 'Jakayla', 'Vanuatu'),
(16, 'King', 'Calista', 'Sudan'),
(17, 'Dibbert', 'Maya', 'Liberia'),
(18, 'Gorczany', 'Myles', 'Trinidad and Tobago'),
(19, 'Simonis', 'Courtney', 'Bosnia and Herzegovina'),
(20, 'Jakubowski', 'Frida', 'Isle of Man'),
(21, 'Lehner', 'Sabina', 'Cambodia'),
(22, 'Senger', 'Jonatan', 'Niue'),
(23, 'Blanda', 'Morgan', 'Serbia'),
(24, 'Crooks', 'Alexane', 'Pitcairn Islands'),
(25, 'Beer', 'Florine', 'Colombia'),
(26, 'Kuhlman', 'Keith', 'Mongolia'),
(27, 'Wilkinson', 'Aliyah', 'Benin'),
(28, 'Johnston', 'Aliya', 'Lao People\'s Democratic Republic'),
(29, 'Osinski', 'Edmond', 'China'),
(30, 'Homenick', 'Jayson', 'Lao People\'s Democratic Republic'),
(31, 'Huels', 'Art', 'Comoros'),
(32, 'Jacobs', 'Samantha', 'Congo'),
(33, 'Kreiger', 'Bernardo', 'Japan'),
(34, 'Hettinger', 'Guy', 'Bhutan'),
(35, 'Lockman', 'Marie', 'Somalia'),
(36, 'Feest', 'Giovanna', 'Holy See (Vatican City State)'),
(37, 'Prohaska', 'Clare', 'Guatemala'),
(38, 'Ferry', 'Santino', 'Benin'),
(39, 'Hackett', 'Buddy', 'Ecuador'),
(40, 'Hermiston', 'Orland', 'Gabon'),
(41, 'Hagenes', 'Ramiro', 'Guernsey'),
(42, 'Abernathy', 'Amalia', 'Myanmar'),
(43, 'Howell', 'Ara', 'Estonia'),
(44, 'Monahan', 'Josue', 'Zimbabwe'),
(45, 'Mann', 'Amari', 'Marshall Islands'),
(46, 'Ebert', 'Junior', 'Antigua and Barbuda'),
(47, 'Leannon', 'Beaulah', 'Morocco'),
(48, 'Rogahn', 'Ona', 'Guadeloupe'),
(49, 'Considine', 'Jabari', 'Ethiopia'),
(50, 'Pfeffer', 'Michaela', 'Mauritius'),
(51, 'Boehm', 'Declan', 'Costa Rica'),
(52, 'Kunze', 'Mollie', 'Saint Kitts and Nevis'),
(53, 'O\'Keefe', 'Jon', 'Anguilla'),
(54, 'Thompson', 'Jadyn', 'Uganda'),
(55, 'Brown', 'Lexus', 'Rwanda'),
(56, 'Prosacco', 'Mallory', 'Saudi Arabia'),
(57, 'Wiegand', 'Quinn', 'Monaco'),
(58, 'Kulas', 'Elisabeth', 'Sao Tome and Principe'),
(59, 'Emmerich', 'Vergie', 'Samoa'),
(60, 'Deckow', 'Jeffery', 'Cambodia'),
(61, 'Schuster', 'Hettie', 'Switzerland'),
(62, 'Kuhn', 'Eleazar', 'Tuvalu'),
(63, 'Nikolaus', 'Domenick', 'Colombia'),
(64, 'Trantow', 'Elissa', 'Jordan'),
(65, 'Mraz', 'Destany', 'Nepal'),
(66, 'Parker', 'Frances', 'Namibia'),
(67, 'Macejkovic', 'Marcel', 'Martinique'),
(68, 'Fahey', 'Salma', 'Bahamas'),
(69, 'Reinger', 'Alexis', 'Turkey'),
(70, 'Wisozk', 'Myah', 'Antigua and Barbuda'),
(71, 'Hartmann', 'Genesis', 'Armenia'),
(72, 'Kozey', 'Hugh', 'Lao People\'s Democratic Republic'),
(73, 'Gutmann', 'Ellis', 'Germany'),
(74, 'Stiedemann', 'Davonte', 'Morocco'),
(75, 'Waelchi', 'Braeden', 'Turks and Caicos Islands'),
(76, 'Grady', 'Niko', 'Nauru'),
(77, 'Volkman', 'Mireille', 'Korea'),
(78, 'Weimann', 'Laisha', 'Guyana'),
(79, 'Parker', 'Modesto', 'Mali'),
(80, 'Kertzmann', 'Rhiannon', 'Papua New Guinea'),
(81, 'Strosin', 'Kelli', 'New Caledonia'),
(82, 'Bogan', 'Donavon', 'Guam'),
(83, 'Satterfield', 'Myriam', 'Cyprus'),
(84, 'Schaefer', 'Della', 'Albania'),
(85, 'Hessel', 'Candelario', 'Sri Lanka'),
(86, 'Klein', 'Adolfo', 'Belgium'),
(87, 'Torp', 'Trace', 'Latvia'),
(88, 'Witting', 'Alfonso', 'Ethiopia'),
(89, 'Klocko', 'Elfrieda', 'Luxembourg'),
(90, 'Jenkins', 'Taya', 'Nauru');

-- --------------------------------------------------------

--
-- Structure de la table `client`
--

CREATE TABLE `client` (
  `id` int(11) NOT NULL,
  `adresse` varchar(100) NOT NULL,
  `nom` varchar(100) NOT NULL,
  `prenom` varchar(100) NOT NULL,
  `email` varchar(300) NOT NULL
) ENGINE=InnoDB DEFAULT CHARSET=utf8mb4;

--
-- Déchargement des données de la table `client`
--

INSERT INTO `client` (`id`, `adresse`, `nom`, `prenom`, `email`) VALUES
(1, '676 Gottlieb Hills\nEulaliaborough, TN 12243', 'Jones', 'Kathryn', 'renner.jimmy@raynor.net'),
(2, '456 Metz Hill\nGoodwinborough, PA 87225-9577', 'Fritsch', 'Connie', 'aondricka@bailey.com'),
(3, '574 O\'Hara Lodge Apt. 861\nLake Colemanton, OR 25258-7720', 'Jast', 'Norris', 'sthiel@bauch.com'),
(4, '3220 McKenzie Cliff\nMeaganberg, HI 99142', 'Langworth', 'Rosalia', 'wbernhard@hotmail.com'),
(5, '79090 Mante Mount\nEast Richardchester, NE 10289-7851', 'Torphy', 'Susana', 'terry.rohan@yahoo.com'),
(6, '94868 Collin Overpass\nReynoldshaven, NE 34930-8232', 'Torphy', 'Bernadine', 'matilde32@hotmail.com'),
(7, '410 Darryl Common\nAlfonzoburgh, TN 20576-3317', 'Schmidt', 'Raphael', 'alfonzo.halvorson@rosenbaum.info'),
(8, '9840 Lesch Vista\nLuellabury, KS 26275', 'Simonis', 'Sally', 'ulices42@parker.net'),
(9, '27596 Steuber Mountain Apt. 539\nNorth Libby, ND 77475-8245', 'Volkman', 'Alysa', 'zferry@vonrueden.com'),
(10, '178 Bernita Roads\nSouth Mauricio, KS 74914-6577', 'Ritchie', 'Ross', 'fzboncak@gaylord.com'),
(11, '9718 Goyette Shore\nSouth Stacyville, NC 07662-2348', 'Predovic', 'Bert', 'shields.weldon@orn.com'),
(12, '75304 Ricardo Crossroad\nSouth Monicaview, MO 18783-1476', 'Haley', 'Karelle', 'koch.sydni@gmail.com'),
(13, '853 Alexa Drives Suite 045\nDanefurt, VA 66440', 'Robel', 'Mathias', 'gleichner.elbert@gmail.com'),
(14, '2615 Deshaun River\nPort Edaton, DE 41127-3757', 'Borer', 'Modesta', 'nicholaus.buckridge@hotmail.com'),
(15, '66060 Stephanie Parks\nNorth Renee, TX 33586-6761', 'Gleichner', 'Hilton', 'leonard.murphy@gmail.com'),
(16, '27272 Gulgowski Village Apt. 083\nMarksfurt, VA 31640', 'Becker', 'Romaine', 'gwilkinson@yahoo.com'),
(17, '459 Francis Fall\nKirlinfurt, LA 08454', 'Mann', 'Dortha', 'swift.nadia@hackett.org'),
(18, '854 Smith Shoals Suite 362\nReymouth, WV 20809', 'Koch', 'Rodger', 'lela02@hotmail.com'),
(19, '8020 Rudy Forge\nSouth Jevonfort, CA 53978', 'Cassin', 'Chaim', 'austyn.von@zboncak.net'),
(20, '967 Tremayne Points Suite 302\nHerzogside, SC 78606', 'Schowalter', 'Ola', 'ojenkins@yahoo.com'),
(21, '39592 Kuhic Mall Apt. 563\nBechtelarfort, CO 11866-3500', 'Ullrich', 'Norris', 'rodrick32@krajcik.com'),
(22, '186 Rempel Fort\nEast Francesca, CA 59511', 'Marvin', 'Anne', 'sharon58@murray.com'),
(23, '38161 Sydney Garden Apt. 922\nPort Genevieve, MI 37488-4436', 'Rau', 'Douglas', 'greg.swift@hotmail.com'),
(24, '645 Porter Place\nNew Juliethaven, RI 53516-8910', 'Mitchell', 'Creola', 'gbechtelar@schowalter.net'),
(25, '4838 Alayna Pine\nPiercestad, ID 79050-1841', 'Baumbach', 'Cruz', 'saul05@yahoo.com'),
(26, '1282 Katrina Plain Suite 705\nHackettshire, MT 86209-0446', 'Volkman', 'Arturo', 'benedict.kassulke@windler.net'),
(27, '61121 Quinn Drives Suite 492\nSouth Ariane, UT 60772', 'Kovacek', 'Reba', 'nikolaus.elouise@gmail.com'),
(28, '44225 Darian Cape Apt. 615\nNorth Lera, LA 05715-9009', 'Kirlin', 'Jed', 'hmedhurst@abernathy.info'),
(29, '619 Zakary Vista Apt. 691\nYundtside, MD 22252-8451', 'Breitenberg', 'Leora', 'wkrajcik@beier.info'),
(30, '3955 Weimann Center\nPacochaville, MT 57995-6966', 'Herman', 'Freda', 'arianna.littel@hotmail.com'),
(31, '214 Hilpert Mountain Suite 231\nCliffordfort, IL 95379-8235', 'Sanford', 'Ebony', 'vwuckert@kilback.biz'),
(32, '35272 Pfeffer Divide\nNorth Meta, CO 39383-8936', 'Hayes', 'Akeem', 'emma62@hotmail.com'),
(33, '26909 Bradtke Ridges\nNorth Ransom, WY 89823', 'Hayes', 'Shaina', 'dedric.schiller@brakus.biz'),
(34, '492 Delmer Brooks Apt. 253\nBashirianview, VT 45577-2413', 'Reichert', 'Donald', 'hirthe.jean@hotmail.com'),
(35, '5989 Clemmie Coves Apt. 554\nLake Adriel, CT 46331', 'Little', 'Christop', 'nathanael55@gmail.com'),
(36, '8867 Marvin Ways\nKirlinport, OK 80059-5120', 'Walsh', 'Kirsten', 'durgan.jammie@mcglynn.org'),
(37, '84080 Kuphal Well\nPort Felicitahaven, NH 50111-1896', 'Satterfield', 'Corrine', 'labadie.rod@beatty.com'),
(38, '88130 Hayley Street\nBaileehaven, NY 08084', 'Kirlin', 'Madalyn', 'braxton.gleichner@kohler.biz'),
(39, '30316 Turcotte Coves\nNataliamouth, TX 24773', 'Bailey', 'Erich', 'johnson.karina@oconner.com'),
(40, '1949 Raymond Branch Suite 483\nKulasbury, NY 97488', 'Hessel', 'Haleigh', 'bartholome.heaney@sauer.biz'),
(41, '18251 Adela Junction Suite 426\nLisaton, CT 44627', 'Zemlak', 'Selmer', 'trinity29@yahoo.com'),
(42, '5379 Hackett Fall Apt. 031\nKuhictown, FL 09266', 'Rath', 'Melyssa', 'laury56@kuphal.info'),
(43, '25018 Funk Knolls Suite 716\nErichhaven, NC 84941-6044', 'Franecki', 'Savannah', 'loyal95@gmail.com'),
(44, '99710 Ullrich Meadow\nTremblayfurt, CT 22618', 'Hills', 'Aylin', 'shuel@yahoo.com'),
(45, '7031 D\'Amore Vista Apt. 374\nLemkefurt, WI 61806-4094', 'Pfeffer', 'Colleen', 'gstracke@hotmail.com'),
(46, '46324 Lehner Lock Apt. 428\nKingmouth, NJ 18434', 'Hickle', 'Marian', 'brennan45@jacobs.org'),
(47, '66447 Adams Vista Apt. 820\nLake Marianashire, AL 25686-4351', 'Sawayn', 'Tillman', 'rosalind.bailey@williamson.biz'),
(48, '293 Dolores Cape Suite 380\nNew Marcelo, TN 20896', 'Cummerata', 'Ena', 'jordyn61@gmail.com'),
(49, '58978 Reinger Points Suite 136\nMcCluretown, IA 84253', 'Emard', 'Nettie', 'luettgen.sonny@hotmail.com'),
(50, '2101 Stamm Parkways\nWest Paige, ND 27610-8974', 'Toy', 'Milan', 'kelley83@yahoo.com'),
(51, '37983 Ona Mills Apt. 375\nEast Aiyana, MD 84443', 'Mosciski', 'Alvis', 'abraun@yahoo.com'),
(52, '56420 Kassulke Gateway\nWest Tyresestad, CT 82467-5074', 'Kulas', 'Cornelius', 'zdenesik@gmail.com'),
(53, '91398 Stamm Villages\nBeerport, OK 00095-2951', 'Towne', 'Alba', 'vivianne.block@gmail.com'),
(54, '32417 Walter Courts\nHortenseshire, NE 41342-3125', 'Fahey', 'Velva', 'brannon.hyatt@gmail.com'),
(55, '420 Sauer Station\nHobarttown, SD 62582', 'Jerde', 'Chadd', 'ephraim37@pfeffer.net'),
(56, '7939 Leffler Hills Suite 577\nWest Fletcherland, NJ 02701-6698', 'Simonis', 'Toney', 'angus.sawayn@zulauf.com'),
(57, '42679 Malinda Field Apt. 521\nNorth Christland, DC 16052-0900', 'Bauch', 'Warren', 'astiedemann@medhurst.com'),
(58, '8293 Howell Expressway Suite 457\nPort Johanton, NJ 21720-9826', 'Wisoky', 'Dorian', 'bins.amy@gmail.com'),
(59, '8701 Huels Mews\nDorisberg, MN 22498', 'Mraz', 'Brendon', 'lillian02@berge.info'),
(60, '134 Rodriguez Haven\nBeattyfort, WY 61141-2197', 'Von', 'Kathlyn', 'pmorar@powlowski.com'),
(61, '64815 Megane Mountains\nAdamouth, ND 95265', 'Kovacek', 'Velda', 'max.littel@hotmail.com'),
(62, '20145 Krajcik Brooks\nEast Oswaldoville, PA 27031', 'Sauer', 'Russ', 'ashleigh48@hotmail.com'),
(63, '13318 Vanessa Run Suite 950\nPort Ashton, DE 37352-8166', 'Collins', 'Sydni', 'yrice@gmail.com'),
(64, '778 Rau Plaza Suite 523\nEast Barrettmouth, NE 99139', 'Bailey', 'Roger', 'roman52@yahoo.com'),
(65, '43917 Florencio Shores Suite 325\nWest Harveybury, TN 99916-1479', 'Wilkinson', 'Madilyn', 'susanna53@yahoo.com'),
(66, '218 Kendrick Trail Suite 539\nNorth Ed, MO 23813', 'Reinger', 'Elliott', 'hardy.bauch@greenholt.com'),
(67, '35139 Glennie Spurs Suite 929\nLake Stacyberg, DE 03904-5941', 'Carter', 'Willy', 'cabshire@leffler.com'),
(68, '4299 Runolfsdottir Drive\nWest Alberthafort, WI 44024', 'Romaguera', 'Laurence', 'senger.joanny@koelpin.com'),
(69, '64723 Charlie Isle\nWest Mylene, MT 96964', 'Fahey', 'Penelope', 'herdman@lakin.com'),
(70, '48373 Price Wells\nRippinchester, MS 18845', 'Emmerich', 'Deja', 'margarita95@yahoo.com'),
(71, '4569 Alayna Mall\nAntoinettefurt, PA 26826', 'Erdman', 'Justyn', 'baron12@wolf.info'),
(72, '5988 Chad Extensions Apt. 259\nKoelpintown, LA 97050-2989', 'Terry', 'Kiana', 'yrath@crooks.org'),
(73, '550 Klein Ranch Apt. 523\nNorth Maymiemouth, AZ 53976-0481', 'Bruen', 'Boyd', 'sallie.lueilwitz@bergstrom.com'),
(74, '37749 Emmett Route\nMedhursttown, NM 58997', 'Borer', 'Christy', 'fgleason@yahoo.com'),
(75, '6786 Troy Point\nBurdettebury, NC 18159-9061', 'O\'Conner', 'Maud', 'wolf.gabriel@yahoo.com'),
(76, '8081 Bill Street Apt. 792\nKatherinemouth, AK 20440', 'Friesen', 'Raul', 'sydney.boyle@larkin.org'),
(77, '693 Green Point\nRaeganborough, IA 67935', 'Cremin', 'Amelie', 'dwisozk@hotmail.com'),
(78, '83724 Rutherford Canyon Apt. 994\nGreenholtborough, MS 93468', 'Morissette', 'Edwin', 'sanford.spencer@heaney.com'),
(79, '399 Vandervort Plaza Suite 229\nNew Annamae, NJ 63636', 'Larson', 'Ara', 'voberbrunner@gmail.com'),
(80, '339 Ankunding Estates Apt. 459\nKassulkeberg, NY 21117', 'Koelpin', 'Lolita', 'mitchell.charity@yahoo.com'),
(81, '61457 Donnelly Unions\nPort Stan, DC 37085', 'Pagac', 'Miguel', 'hoconnell@thompson.net'),
(82, '6679 Ellen Fort\nGusikowskifort, MO 70733', 'Wolff', 'Margaret', 'einar28@wyman.com'),
(83, '18846 Graham Spur Apt. 562\nPort Lavon, WI 95838', 'Kovacek', 'Keith', 'weissnat.opal@gmail.com'),
(84, '49274 Lemke Falls Apt. 331\nLake Oraland, SD 51110-2073', 'Witting', 'Colt', 'steuber.garrett@hotmail.com'),
(85, '329 Lockman Vista Suite 958\nTerenceside, SD 75086-2245', 'Shanahan', 'Alexandro', 'zwisoky@yahoo.com'),
(86, '980 Friesen Meadows\nBorerfurt, NH 58419', 'Dooley', 'Emile', 'jerrell.jacobson@littel.net'),
(87, '590 Hegmann Spur Apt. 409\nEmanuelfort, IA 20421-0050', 'Champlin', 'Susana', 'rickey03@feil.biz'),
(88, '7645 Legros Trafficway Apt. 978\nLake Amina, GA 46327', 'Beahan', 'Maryse', 'istamm@collier.org'),
(89, '2495 Haley Branch\nNorth Mohammadburgh, NE 92071', 'Emard', 'Aisha', 'aryanna89@gmail.com'),
(90, '8639 Lowell Knolls\nOlsonbury, RI 33461-9429', 'Kassulke', 'Cornell', 'rnader@kihn.net'),
(91, '903 Rowan Cliffs\nWest Brock, MS 84510', 'Goldner', 'Tressa', 'ernestina97@auer.com'),
(92, '47357 Berneice Flats\nSouth Gina, AK 66531', 'Brakus', 'Howell', 'xhyatt@yahoo.com'),
(93, '975 Myrtie Estate Apt. 189\nNorth Kiannaport, MN 33781-0290', 'Padberg', 'Leatha', 'sibyl99@white.info'),
(94, '27292 Kohler Junction\nLeonview, DE 94918-9738', 'Kshlerin', 'Litzy', 'jmiller@bauch.com'),
(95, '8104 Raymundo Corner\nPort Ettiefurt, MA 63832', 'Weimann', 'Hardy', 'jovani20@braun.com'),
(96, '7694 Mazie Estate Apt. 804\nKarleychester, RI 24869', 'Stark', 'Chadrick', 'bianka58@yahoo.com'),
(97, '4747 Jake Points Suite 977\nMcCulloughshire, AL 80782', 'Flatley', 'Maria', 'swuckert@yahoo.com'),
(98, '55694 Stoltenberg Valleys Apt. 760\nAufderharberg, NV 01517', 'Grimes', 'Abel', 'quinten60@gmail.com'),
(99, '70226 Braun Plains Apt. 780\nBartolettiburgh, LA 88604', 'Brekke', 'Travon', 'melody.murazik@hotmail.com'),
(100, '13236 Dietrich Burgs\nMargaretchester, CO 54223-0294', 'Wolff', 'Caroline', 'emard.joey@corkery.info');

-- --------------------------------------------------------

--
-- Structure de la table `emprunt`
--

CREATE TABLE `emprunt` (
  `id` int(11) NOT NULL,
  `client_id` int(11) NOT NULL,
  `exemplaire_id` int(11) NOT NULL,
  `date_emprunt` datetime NOT NULL,
  `date_retour` datetime NOT NULL,
  `commentaires` text NOT NULL
) ENGINE=InnoDB DEFAULT CHARSET=utf8mb4;

--
-- Déchargement des données de la table `emprunt`
--

INSERT INTO `emprunt` (`id`, `client_id`, `exemplaire_id`, `date_emprunt`, `date_retour`, `commentaires`) VALUES
(1, 44, 140, '1999-08-23 00:00:00', '1999-09-07 00:00:00', 'Hatter, and he went on without attending to her, \'if we had the door and went.'),
(2, 88, 264, '2007-11-10 00:00:00', '2007-11-25 00:00:00', 'IS the use of a globe of goldfish she had wept when she first saw the Mock.'),
(3, 97, 7, '2004-07-31 00:00:00', '2004-08-15 00:00:00', 'Lizard) could not help thinking there MUST be more to come, so she waited. The.'),
(4, 7, 113, '1999-01-02 00:00:00', '1999-01-17 00:00:00', 'I would talk on such a hurry to change them--\' when she was beginning to see.'),
(5, 61, 90, '2016-04-12 00:00:00', '2016-04-27 00:00:00', 'Fish-Footman was gone, and, by the hand, it hurried off, without waiting for.'),
(6, 70, 41, '1978-09-02 00:00:00', '1978-09-17 00:00:00', 'Alice. \'I\'ve read that in the last time she saw maps and pictures hung upon.'),
(7, 26, 196, '1981-12-23 00:00:00', '1982-01-07 00:00:00', 'Dormouse, after thinking a minute or two, and the Queen was silent. The.'),
(8, 44, 29, '1976-04-14 00:00:00', '1976-04-29 00:00:00', 'Soup! Soup of the party sat silent and looked at the door--I do wish they.'),
(9, 83, 204, '2007-05-08 00:00:00', '2007-05-23 00:00:00', 'Gryphon, and the pattern on their slates, and then they wouldn\'t be so proud.'),
(10, 74, 223, '1979-01-16 00:00:00', '1979-01-31 00:00:00', 'William the Conqueror.\' (For, with all speed back to the Gryphon. \'Of course,\'.'),
(11, 88, 112, '1999-09-04 00:00:00', '1999-09-19 00:00:00', 'Do come back again, and she tried the little door: but, alas! either the locks.'),
(12, 30, 53, '2004-12-06 00:00:00', '2004-12-21 00:00:00', 'Majesty,\' said Alice very politely; but she remembered how small she was.'),
(13, 93, 183, '2000-03-12 00:00:00', '2000-03-27 00:00:00', 'I\'m on the door of which was immediately suppressed by the prisoner to--to.'),
(14, 72, 101, '1985-08-18 00:00:00', '1985-09-02 00:00:00', 'March Hare. \'He denies it,\' said the Mock Turtle in the other: the Duchess.'),
(15, 32, 9, '1970-02-05 00:00:00', '1970-02-20 00:00:00', 'I\'M a Duchess,\' she said to Alice. \'Only a thimble,\' said Alice sadly. \'Hand.'),
(16, 71, 274, '2003-06-18 00:00:00', '2003-07-03 00:00:00', 'VERY unpleasant state of mind, she turned away. \'Come back!\' the Caterpillar.'),
(17, 26, 146, '1993-07-20 00:00:00', '1993-08-04 00:00:00', 'Alice looked at her hands, and she grew no larger: still it had struck her.'),
(18, 70, 16, '2000-05-23 00:00:00', '2000-06-07 00:00:00', 'I got up very carefully, with one finger pressed upon its forehead (the.'),
(19, 42, 33, '1990-06-19 00:00:00', '1990-07-04 00:00:00', 'I\'ve tried to fancy to cats if you cut your finger VERY deeply with a.'),
(20, 96, 35, '1972-04-16 00:00:00', '1972-05-01 00:00:00', 'THAT is--\"Take care of themselves.\"\' \'How fond she is such a neck as that! No.'),
(21, 62, 62, '2013-12-09 00:00:00', '2013-12-24 00:00:00', 'I hadn\'t quite finished my tea when I grow at a reasonable pace,\' said the.'),
(22, 81, 76, '2018-07-26 00:00:00', '2018-08-10 00:00:00', 'Him, and ourselves, and it. Don\'t let me help to undo it!\' \'I shall do nothing.'),
(23, 21, 178, '2019-11-16 00:00:00', '2019-12-01 00:00:00', 'Hatter. \'Does YOUR watch tell you my adventures--beginning from this morning,\'.'),
(24, 72, 200, '2019-09-16 00:00:00', '2019-10-01 00:00:00', 'CHAPTER VI. Pig and Pepper For a minute or two, they began moving about again.'),
(25, 100, 243, '2010-07-25 00:00:00', '2010-08-09 00:00:00', 'YOUR adventures.\' \'I could tell you his history,\' As they walked off together.'),
(26, 30, 161, '1983-09-22 00:00:00', '1983-10-07 00:00:00', 'Yet you finished the guinea-pigs!\' thought Alice. The poor little thing sobbed.'),
(27, 98, 85, '2002-06-28 00:00:00', '2002-07-13 00:00:00', 'I fell off the mushroom, and her eyes to see what was the White Rabbit: it was.'),
(28, 29, 100, '2001-04-29 00:00:00', '2001-05-14 00:00:00', 'Queen, tossing her head on her spectacles, and began singing in its hurry to.'),
(29, 81, 47, '1980-12-07 00:00:00', '1980-12-22 00:00:00', 'But, when the White Rabbit put on his flappers, \'--Mystery, ancient and.'),
(30, 76, 93, '2001-12-07 00:00:00', '2001-12-22 00:00:00', 'I\'ve kept her waiting!\' Alice felt a little different. But if I\'m not used to.'),
(31, 74, 212, '1988-12-08 00:00:00', '1988-12-23 00:00:00', 'I know?\' said Alice, \'I\'ve often seen them so shiny?\' Alice looked at the.'),
(32, 82, 33, '1996-12-24 00:00:00', '1997-01-08 00:00:00', 'I have done just as she came upon a little pattering of feet in a tone of.'),
(33, 14, 258, '1979-09-12 00:00:00', '1979-09-27 00:00:00', 'YOU?\' Which brought them back again to the part about her repeating \'YOU ARE.'),
(34, 9, 152, '2020-02-12 00:00:00', '2020-02-27 00:00:00', 'I could let you out, you know.\' He was looking down at her rather.'),
(35, 73, 47, '1983-11-24 00:00:00', '1983-12-09 00:00:00', 'It was high time to wash the things get used up.\' \'But what did the Dormouse.'),
(36, 49, 200, '2006-08-24 00:00:00', '2006-09-08 00:00:00', 'Alice; \'that\'s not at all what had become of me?\' Luckily for Alice, the.'),
(37, 20, 177, '2011-04-11 00:00:00', '2011-04-26 00:00:00', 'Cheshire Cat sitting on the door and went on: \'--that begins with a melancholy.'),
(38, 69, 293, '1973-01-24 00:00:00', '1973-02-08 00:00:00', 'Queen, and Alice looked all round her head. \'If I eat or drink anything; so.'),
(39, 47, 11, '1986-06-17 00:00:00', '1986-07-02 00:00:00', 'King added in a deep sigh, \'I was a general chorus of voices asked. \'Why, SHE.'),
(40, 33, 45, '1978-10-23 00:00:00', '1978-11-07 00:00:00', 'Queen. \'Their heads are gone, if it thought that SOMEBODY ought to be told so.'),
(41, 25, 157, '2015-03-23 00:00:00', '2015-04-07 00:00:00', 'Involved in this way! Stop this moment, and fetch me a pair of white kid.'),
(42, 74, 209, '2014-12-15 00:00:00', '2014-12-30 00:00:00', 'Who would not open any of them. \'I\'m sure I\'m not myself, you see.\' \'I don\'t.'),
(43, 58, 90, '2011-04-21 00:00:00', '2011-05-06 00:00:00', 'I COULD NOT SWIM--\" you can\'t think! And oh, I wish I hadn\'t gone down that.'),
(44, 47, 300, '2012-05-10 00:00:00', '2012-05-25 00:00:00', 'Alice glanced rather anxiously at the end of your nose-- What made you so.'),
(45, 47, 190, '2010-12-05 00:00:00', '2010-12-20 00:00:00', 'I should think you\'ll feel it a bit, if you were or might have been changed.'),
(46, 38, 291, '2000-05-16 00:00:00', '2000-05-31 00:00:00', 'I to do?\' said Alice. \'Exactly so,\' said the Footman, and began picking them.'),
(47, 78, 152, '2001-10-22 00:00:00', '2001-11-06 00:00:00', 'Hatter, with an air of great relief. \'Call the next verse.\' \'But about his.'),
(48, 28, 256, '2018-06-03 00:00:00', '2018-06-18 00:00:00', 'Poor Alice! It was high time to see that queer little toss of her sharp little.'),
(49, 94, 134, '1976-02-11 00:00:00', '1976-02-26 00:00:00', 'Oh, how I wish I hadn\'t drunk quite so much!\' Alas! it was too slippery; and.'),
(50, 65, 136, '1990-09-02 00:00:00', '1990-09-17 00:00:00', 'King said, with a large one, but the tops of the mushroom, and raised herself.'),
(51, 33, 209, '2015-05-13 00:00:00', '2015-05-28 00:00:00', 'Alice as he spoke. \'UNimportant, of course, Alice could hardly hear the Rabbit.'),
(52, 7, 181, '1999-09-15 00:00:00', '1999-09-30 00:00:00', 'I gave her one, they gave him two, You gave us three or more; They all sat.'),
(53, 57, 122, '1974-02-09 00:00:00', '1974-02-24 00:00:00', 'Edwin and Morcar, the earls of Mercia and Northumbria, declared for him: and.'),
(54, 81, 71, '1986-09-03 00:00:00', '1986-09-18 00:00:00', 'There was a treacle-well.\' \'There\'s no sort of people live about here?\' \'In.'),
(55, 28, 138, '2000-09-14 00:00:00', '2000-09-29 00:00:00', 'I know all sorts of little Alice and all sorts of things, and she, oh! she.'),
(56, 44, 128, '1971-09-11 00:00:00', '1971-09-26 00:00:00', 'Crab, a little of the leaves: \'I should think it would be four thousand miles.'),
(57, 96, 87, '2005-09-16 00:00:00', '2005-10-01 00:00:00', 'Gryphon, and the Queen added to one of the bill, \"French, music, AND.'),
(58, 80, 7, '2010-08-06 00:00:00', '2010-08-21 00:00:00', 'They were just beginning to see some meaning in it,\' but none of YOUR.'),
(59, 22, 142, '1989-11-21 00:00:00', '1989-12-06 00:00:00', 'THEN--she found herself lying on the English coast you find a number of.'),
(60, 4, 167, '1978-09-16 00:00:00', '1978-10-01 00:00:00', 'I can\'t take more.\' \'You mean you can\'t take LESS,\' said the Footman, \'and.'),
(61, 35, 141, '2015-02-26 00:00:00', '2015-03-13 00:00:00', 'Queen put on your head-- Do you think you might knock, and I don\'t remember.'),
(62, 32, 268, '1983-08-29 00:00:00', '1983-09-13 00:00:00', 'Gryphon, with a T!\' said the Duchess; \'and most things twinkled after.'),
(63, 85, 292, '2019-04-03 00:00:00', '2019-04-18 00:00:00', 'Alice; \'I must be a great many more than that, if you hold it too long; and.'),
(64, 28, 5, '1988-08-03 00:00:00', '1988-08-18 00:00:00', 'March Hare said to the Knave. The Knave did so, very carefully, with one eye.'),
(65, 76, 169, '2000-08-07 00:00:00', '2000-08-22 00:00:00', 'Dodo, a Lory and an Eaglet, and several other curious creatures. Alice led the.'),
(66, 61, 86, '1982-10-22 00:00:00', '1982-11-06 00:00:00', 'I don\'t believe you do either!\' And the executioner went off like an honest.'),
(67, 99, 36, '2002-07-11 00:00:00', '2002-07-26 00:00:00', 'Gryphon, \'that they WOULD not remember the simple rules their friends had.'),
(68, 51, 183, '1978-08-03 00:00:00', '1978-08-18 00:00:00', 'Alice whispered to the Dormouse, who was passing at the thought that she still.'),
(69, 60, 110, '1988-09-18 00:00:00', '1988-10-03 00:00:00', 'The Dormouse again took a great deal to come yet, please your Majesty,\' the.'),
(70, 65, 91, '2005-04-09 00:00:00', '2005-04-24 00:00:00', 'Father William replied to his son, \'I feared it might belong to one of the.'),
(71, 37, 58, '1990-01-12 00:00:00', '1990-01-27 00:00:00', 'Alice was not here before,\' said Alice,) and round the thistle again; then the.'),
(72, 59, 244, '2013-12-31 00:00:00', '2014-01-15 00:00:00', 'All on a branch of a sea of green leaves that lay far below her. \'What CAN all.'),
(73, 94, 219, '2015-07-27 00:00:00', '2015-08-11 00:00:00', 'Five, in a loud, indignant voice, but she had read about them in books, and.'),
(74, 25, 258, '2011-07-11 00:00:00', '2011-07-26 00:00:00', 'Alice, rather alarmed at the other, and making quite a long silence after.'),
(75, 6, 236, '2020-03-07 00:00:00', '2020-03-22 00:00:00', 'RED rose-tree, and we won\'t talk about cats or dogs either, if you hold it too.'),
(76, 62, 217, '2012-12-26 00:00:00', '2013-01-10 00:00:00', 'Cat again, sitting on the Duchess\'s voice died away, even in the way down one.'),
(77, 85, 73, '1974-03-23 00:00:00', '1974-04-07 00:00:00', 'AT ALL. Soup does very well without--Maybe it\'s always pepper that makes them.'),
(78, 44, 249, '1997-11-04 00:00:00', '1997-11-19 00:00:00', 'The chief difficulty Alice found at first was in confusion, getting the.'),
(79, 49, 230, '2010-05-06 00:00:00', '2010-05-21 00:00:00', 'BEST butter, you know.\' \'Not at all,\' said the Duck: \'it\'s generally a frog or.'),
(80, 24, 187, '1997-07-01 00:00:00', '1997-07-16 00:00:00', 'Alice, and, after glaring at her as she said to herself, being rather proud of.'),
(81, 59, 23, '1994-09-17 00:00:00', '1994-10-02 00:00:00', 'Time as well as she stood still where she was, and waited. When the pie was.'),
(82, 73, 85, '2013-09-27 00:00:00', '2013-10-12 00:00:00', 'Pigeon. \'I can hardly breathe.\' \'I can\'t go no lower,\' said the King. (The.'),
(83, 51, 128, '1984-06-26 00:00:00', '1984-07-11 00:00:00', 'If she should chance to be ashamed of yourself for asking such a nice little.'),
(84, 94, 264, '1977-05-17 00:00:00', '1977-06-01 00:00:00', 'Alice: \'she\'s so extremely--\' Just then she had expected: before she had.'),
(85, 73, 37, '2018-12-30 00:00:00', '2019-01-14 00:00:00', 'WOULD not remember ever having heard of \"Uglification,\"\' Alice ventured to.'),
(86, 64, 219, '1972-05-23 00:00:00', '1972-06-07 00:00:00', 'Pigeon in a sorrowful tone; \'at least there\'s no harm in trying.\' So she.'),
(87, 53, 70, '1974-04-20 00:00:00', '1974-05-05 00:00:00', 'Alice like the Mock Turtle. \'She can\'t explain MYSELF, I\'m afraid, sir\' said.'),
(88, 38, 177, '1994-07-20 00:00:00', '1994-08-04 00:00:00', 'Alice laughed so much frightened that she was quite tired of being upset, and.'),
(89, 57, 194, '2013-11-27 00:00:00', '2013-12-12 00:00:00', 'White Rabbit was no label this time with one foot. \'Get up!\' said the Queen.'),
(90, 8, 298, '1972-03-09 00:00:00', '1972-03-24 00:00:00', 'Duchess replied, in a large canvas bag, which tied up at the thought that she.'),
(91, 86, 196, '1990-12-09 00:00:00', '1990-12-24 00:00:00', 'HEARTHRUG, NEAR THE FENDER, (WITH ALICE\'S LOVE). Oh dear, what nonsense I\'m.'),
(92, 47, 75, '1976-03-08 00:00:00', '1976-03-23 00:00:00', 'King. \'I can\'t remember things as I used--and I don\'t care which happens!\' She.'),
(93, 70, 229, '1986-12-20 00:00:00', '1987-01-04 00:00:00', 'I\'m quite tired of being such a tiny golden key, and unlocking the door began.'),
(94, 62, 67, '2011-07-08 00:00:00', '2011-07-23 00:00:00', 'Dodo, \'the best way you have of putting things!\' \'It\'s a pun!\' the King said.'),
(95, 60, 68, '1985-09-15 00:00:00', '1985-09-30 00:00:00', 'Caterpillar. \'Well, perhaps not,\' said Alice doubtfully: \'it.'),
(96, 93, 206, '1986-04-30 00:00:00', '1986-05-15 00:00:00', 'Mock Turtle had just succeeded in curving it down into a butterfly, I should.'),
(97, 42, 207, '1974-08-12 00:00:00', '1974-08-27 00:00:00', 'Rabbit\'s voice; and Alice was more than nine feet high, and she soon found out.'),
(98, 5, 6, '2015-07-21 00:00:00', '2015-08-05 00:00:00', 'Duchess. An invitation for the Duchess said to herself, as she fell very.'),
(99, 64, 295, '1990-09-15 00:00:00', '1990-09-30 00:00:00', 'Don\'t let me help to undo it!\' \'I shall be a great crash, as if she did not.'),
(100, 69, 199, '1981-02-02 00:00:00', '1981-02-17 00:00:00', 'Alice. \'Nothing WHATEVER?\' persisted the King. The White Rabbit blew three.'),
(101, 36, 14, '1989-02-14 00:00:00', '1989-03-01 00:00:00', 'ONE with such sudden violence that Alice could bear: she got into it), and.'),
(102, 88, 168, '1986-05-30 00:00:00', '1986-06-14 00:00:00', 'Footman continued in the distance, screaming with passion. She had just upset.'),
(103, 68, 219, '2003-10-24 00:00:00', '2003-11-08 00:00:00', 'Alice as he found it advisable--\"\' \'Found WHAT?\' said the Dodo, \'the best way.'),
(104, 40, 44, '2001-02-28 00:00:00', '2001-03-15 00:00:00', 'For, you see, as well say this), \'to go on with the game,\' the Queen to-day?\'.'),
(105, 89, 20, '2010-07-19 00:00:00', '2010-08-03 00:00:00', 'Then came a little three-legged table, all made a memorandum of the sense, and.'),
(106, 4, 20, '1982-09-05 00:00:00', '1982-09-20 00:00:00', 'It was the White Rabbit: it was not a bit of stick, and tumbled head over.'),
(107, 22, 227, '2006-10-17 00:00:00', '2006-11-01 00:00:00', 'She said the Pigeon; \'but if they do, why then they\'re a kind of rule, \'and.'),
(108, 22, 263, '2006-04-25 00:00:00', '2006-05-10 00:00:00', 'Let me see--how IS it to annoy, Because he knows it teases.\' CHORUS. (In which.'),
(109, 77, 104, '1975-01-02 00:00:00', '1975-01-17 00:00:00', 'I do,\' said Alice in a low, weak voice. \'Now, I give you fair warning,\'.'),
(110, 44, 176, '2011-11-30 00:00:00', '2011-12-15 00:00:00', 'In the very middle of the house till she got up, and there was not quite know.'),
(111, 16, 1, '1974-07-09 00:00:00', '1974-07-24 00:00:00', 'Mouse only shook its head to hide a smile: some of the suppressed guinea-pigs.'),
(112, 19, 147, '1997-09-21 00:00:00', '1997-10-06 00:00:00', 'Alice, who was a queer-shaped little creature, and held it out to be lost, as.'),
(113, 86, 198, '1980-10-19 00:00:00', '1980-11-03 00:00:00', 'Cat, \'a dog\'s not mad. You grant that?\' \'I suppose so,\' said Alice. \'I\'ve so.'),
(114, 21, 65, '1994-08-18 00:00:00', '1994-09-02 00:00:00', 'IS a long and a scroll of parchment in the after-time, be herself a grown.'),
(115, 36, 297, '2013-03-29 00:00:00', '2013-04-13 00:00:00', 'Pigeon; \'but I know I have dropped them, I wonder?\' And here poor Alice began.'),
(116, 6, 213, '2006-01-11 00:00:00', '2006-01-26 00:00:00', 'Alice had no idea how to begin.\' For, you see, because some of the trees had a.'),
(117, 21, 162, '2003-01-26 00:00:00', '2003-02-10 00:00:00', 'Alice, as she could not think of what sort it was) scratching and scrambling.'),
(118, 77, 81, '1980-09-14 00:00:00', '1980-09-29 00:00:00', 'Alice, a little house in it a minute or two to think to herself, and began.'),
(119, 24, 102, '2012-08-31 00:00:00', '2012-09-15 00:00:00', 'Alice, \'how am I to do?\' said Alice. \'Oh, don\'t bother ME,\' said the Queen.'),
(120, 100, 186, '1977-04-23 00:00:00', '1977-05-08 00:00:00', 'Hatter went on, \'and most things twinkled after that--only the March Hare.'),
(121, 15, 271, '2018-12-16 00:00:00', '2018-12-31 00:00:00', 'I\'m afraid, but you might knock, and I don\'t know what they\'re like.\' \'I.'),
(122, 95, 200, '2005-10-21 00:00:00', '2005-11-05 00:00:00', 'CHAPTER IV. The Rabbit started violently, dropped the white kid gloves, and.'),
(123, 89, 249, '2018-05-10 00:00:00', '2018-05-25 00:00:00', 'She felt very lonely and low-spirited. In a little pattering of feet in the.'),
(124, 31, 292, '2005-06-19 00:00:00', '2005-07-04 00:00:00', 'VERY long claws and a piece of evidence we\'ve heard yet,\' said the White.'),
(125, 4, 167, '1974-06-07 00:00:00', '1974-06-22 00:00:00', 'I should think!\' (Dinah was the first figure,\' said the Caterpillar. \'Well.'),
(126, 45, 108, '2001-04-23 00:00:00', '2001-05-08 00:00:00', 'King say in a long, low hall, which was lit up by a very grave voice, \'until.'),
(127, 86, 66, '2019-06-13 00:00:00', '2019-06-28 00:00:00', 'The Queen turned angrily away from him, and very soon came upon a low curtain.'),
(128, 8, 270, '1983-03-01 00:00:00', '1983-03-16 00:00:00', 'Adventures of hers that you couldn\'t cut off a bit afraid of interrupting.'),
(129, 64, 85, '1987-11-19 00:00:00', '1987-12-04 00:00:00', 'King sharply. \'Do you know about it, even if my head would go through,\'.'),
(130, 41, 11, '1986-02-15 00:00:00', '1986-03-02 00:00:00', 'Puss,\' she began, in a languid, sleepy voice. \'Who are YOU?\' said the.'),
(131, 80, 52, '2001-09-01 00:00:00', '2001-09-16 00:00:00', 'GAVE HER ONE, THEY GAVE HIM TWO--\" why, that must be collected at once and put.'),
(132, 99, 39, '1982-10-12 00:00:00', '1982-10-27 00:00:00', 'Alice, every now and then, \'we went to work very diligently to write out a.'),
(133, 32, 153, '1973-10-17 00:00:00', '1973-11-01 00:00:00', 'Alice was so small as this before, never! And I declare it\'s too bad, that it.'),
(134, 98, 104, '1982-01-11 00:00:00', '1982-01-26 00:00:00', 'I don\'t like them!\' When the pie was all about, and called out \'The Queen! The.'),
(135, 94, 44, '1992-11-20 00:00:00', '1992-12-05 00:00:00', 'The door led right into a large canvas bag, which tied up at the Lizard as she.'),
(136, 50, 98, '2016-11-17 00:00:00', '2016-12-02 00:00:00', 'I beat him when he sneezes; For he can thoroughly enjoy The pepper when he.'),
(137, 33, 79, '1988-08-16 00:00:00', '1988-08-31 00:00:00', 'Alice; \'I might as well as she heard a little way out of the court, by the.'),
(138, 30, 78, '1991-12-07 00:00:00', '1991-12-22 00:00:00', 'Which shall sing?\' \'Oh, YOU sing,\' said the King, looking round the table.'),
(139, 98, 160, '1978-06-23 00:00:00', '1978-07-08 00:00:00', 'Gryphon answered, very nearly getting up and straightening itself out again.'),
(140, 69, 100, '2002-10-05 00:00:00', '2002-10-20 00:00:00', 'White Rabbit cried out, \'Silence in the last word two or three of the evening.'),
(141, 13, 202, '1980-01-23 00:00:00', '1980-02-07 00:00:00', 'Dormouse!\' And they pinched it on both sides at once. \'Give your evidence,\'.'),
(142, 84, 158, '2018-10-15 00:00:00', '2018-10-30 00:00:00', 'I shall be punished for it to the game. CHAPTER IX. The Mock Turtle in a.'),
(143, 79, 271, '1987-08-01 00:00:00', '1987-08-16 00:00:00', 'Alice. \'I mean what I was going a journey, I should like to show you! A little.'),
(144, 60, 240, '1988-02-14 00:00:00', '1988-02-29 00:00:00', 'Queen, who was talking. \'How CAN I have dropped them, I wonder?\' And here poor.'),
(145, 70, 185, '1997-05-09 00:00:00', '1997-05-24 00:00:00', 'Wonderland, though she felt sure it would be like, but it was over at last.'),
(146, 16, 257, '1974-05-25 00:00:00', '1974-06-09 00:00:00', 'March Hare, \'that \"I like what I used to come yet, please your Majesty!\' the.'),
(147, 76, 171, '1996-09-16 00:00:00', '1996-10-01 00:00:00', 'Cat. \'Do you know what \"it\" means.\' \'I know what to do, so Alice ventured to.'),
(148, 30, 224, '2003-11-09 00:00:00', '2003-11-24 00:00:00', 'Duchess sneezed occasionally; and as it happens; and if the Mock Turtle yawned.'),
(149, 16, 34, '1996-11-30 00:00:00', '1996-12-15 00:00:00', 'WAS a narrow escape!\' said Alice, as she did not get dry again: they had to.'),
(150, 44, 128, '1971-01-25 00:00:00', '1971-02-09 00:00:00', 'Alice thought she had got burnt, and eaten up by two guinea-pigs, who were.'),
(151, 2, 83, '1975-04-14 00:00:00', '1975-04-29 00:00:00', 'Alice! when she next peeped out the words: \'Where\'s the other was sitting on a.'),
(152, 15, 174, '2013-02-25 00:00:00', '2013-03-12 00:00:00', 'Gryphon, and all must have been changed in the grass, merely remarking as it.'),
(153, 77, 217, '1989-12-26 00:00:00', '1990-01-10 00:00:00', 'Alice! when she heard the Queen say only yesterday you deserved to be no use.'),
(154, 11, 156, '2012-01-25 00:00:00', '2012-02-09 00:00:00', 'King. The White Rabbit interrupted: \'UNimportant, your Majesty means, of.'),
(155, 21, 175, '1974-12-02 00:00:00', '1974-12-17 00:00:00', 'Cat. \'I said pig,\' replied Alice; \'and I do wonder what you\'re at!\" You know.'),
(156, 73, 206, '2000-06-21 00:00:00', '2000-07-06 00:00:00', 'Let me think: was I the same thing with you,\' said the Dormouse. \'Don\'t talk.'),
(157, 13, 179, '1998-09-26 00:00:00', '1998-10-11 00:00:00', 'English); \'now I\'m opening out like the three gardeners at it, and yet it was.'),
(158, 57, 256, '2009-12-09 00:00:00', '2009-12-24 00:00:00', 'It was opened by another footman in livery came running out of sight; and an.'),
(159, 59, 63, '1995-03-20 00:00:00', '1995-04-04 00:00:00', 'March.\' As she said to herself; \'I should have liked teaching it tricks very.'),
(160, 24, 11, '2012-01-12 00:00:00', '2012-01-27 00:00:00', 'You grant that?\' \'I suppose so,\' said Alice. \'That\'s very important,\' the King.'),
(161, 95, 40, '1976-02-16 00:00:00', '1976-03-02 00:00:00', 'Hatter, it woke up again with a smile. There was a little house in it about.'),
(162, 32, 295, '1985-03-23 00:00:00', '1985-04-07 00:00:00', 'The three soldiers wandered about in all my life, never!\' They had a wink of.'),
(163, 48, 43, '1993-03-09 00:00:00', '1993-03-24 00:00:00', 'Shall I try the experiment?\' \'HE might bite,\' Alice cautiously replied: \'but I.'),
(164, 4, 231, '1992-11-15 00:00:00', '1992-11-30 00:00:00', 'Hatter. This piece of it at all; however, she again heard a little bottle on.'),
(165, 39, 293, '1989-02-17 00:00:00', '1989-03-04 00:00:00', 'I\'ll set Dinah at you!\' There was no \'One, two, three, and away,\' but they.'),
(166, 58, 286, '1987-10-02 00:00:00', '1987-10-17 00:00:00', 'Who would not join the dance. Would not, could not, would not join the dance?.'),
(167, 69, 148, '1987-11-20 00:00:00', '1987-12-05 00:00:00', 'Queen of Hearts, he stole those tarts, And took them quite away!\' \'Consider.'),
(168, 100, 251, '2018-01-15 00:00:00', '2018-01-30 00:00:00', 'Dinah, if I must, I must,\' the King in a low, hurried tone. He looked.'),
(169, 70, 253, '1970-08-10 00:00:00', '1970-08-25 00:00:00', 'Alice. \'Come on, then!\' roared the Queen, pointing to Alice as she spoke, but.'),
(170, 11, 111, '1971-11-10 00:00:00', '1971-11-25 00:00:00', 'THE.'),
(171, 86, 244, '1993-07-04 00:00:00', '1993-07-19 00:00:00', 'And she began shrinking directly. As soon as the hall was very hot, she kept.'),
(172, 11, 244, '1971-01-22 00:00:00', '1971-02-06 00:00:00', 'Alice, every now and then; such as, \'Sure, I don\'t believe it,\' said the.'),
(173, 2, 143, '1978-02-19 00:00:00', '1978-03-06 00:00:00', 'Drawling--the Drawling-master was an old woman--but then--always to have the.'),
(174, 46, 213, '1985-07-13 00:00:00', '1985-07-28 00:00:00', 'A little bright-eyed terrier, you know, this sort of way to fly up into.'),
(175, 6, 90, '1976-05-29 00:00:00', '1976-06-13 00:00:00', 'I think?\' \'I had NOT!\' cried the Mouse, getting up and down looking for them.'),
(176, 21, 182, '1988-08-04 00:00:00', '1988-08-19 00:00:00', 'I should like to go after that savage Queen: so she felt a little worried.'),
(177, 77, 186, '2006-08-07 00:00:00', '2006-08-22 00:00:00', 'He sent them word I had it written down: but I grow up, I\'ll write one--but.'),
(178, 58, 116, '2008-04-01 00:00:00', '2008-04-16 00:00:00', 'Alice\'s first thought was that she was ready to make ONE respectable person!\'.'),
(179, 19, 86, '2008-12-01 00:00:00', '2008-12-16 00:00:00', 'Dormouse. \'Don\'t talk nonsense,\' said Alice hastily; \'but I\'m not used to it!\'.'),
(180, 38, 49, '1996-06-07 00:00:00', '1996-06-22 00:00:00', 'Alice\'s first thought was that it might tell her something worth hearing. For.'),
(181, 68, 123, '1990-07-02 00:00:00', '1990-07-17 00:00:00', 'King, and the White Rabbit read out, at the stick, and made another rush at.'),
(182, 94, 133, '2012-07-12 00:00:00', '2012-07-27 00:00:00', 'Gryphon only answered \'Come on!\' cried the Mock Turtle, \'but if they do, why.'),
(183, 65, 219, '2013-12-19 00:00:00', '2014-01-03 00:00:00', 'Lobster; I heard him declare, \"You have baked me too brown, I must go by the.'),
(184, 36, 256, '1986-06-05 00:00:00', '1986-06-20 00:00:00', 'Alice, she went on, taking first one side and then sat upon it.) \'I\'m glad.'),
(185, 75, 244, '2008-04-23 00:00:00', '2008-05-08 00:00:00', 'I\'ll try and repeat something now. Tell her to begin.\' For, you see, because.'),
(186, 77, 96, '2019-10-31 00:00:00', '2019-11-15 00:00:00', 'King. \'When did you begin?\' The Hatter shook his grey locks, \'I kept all my.'),
(187, 24, 247, '2016-07-29 00:00:00', '2016-08-13 00:00:00', 'Duchess: \'flamingoes and mustard both bite. And the Gryphon repeated.'),
(188, 12, 149, '1983-07-18 00:00:00', '1983-08-02 00:00:00', 'White Rabbit hurried by--the frightened Mouse splashed his way through the.'),
(189, 97, 113, '2018-12-21 00:00:00', '2019-01-05 00:00:00', 'Alice rather unwillingly took the opportunity of saying to herself as she.'),
(190, 95, 137, '2006-03-08 00:00:00', '2006-03-23 00:00:00', 'So she stood looking at the other, and making quite a new kind of authority.'),
(191, 55, 150, '1979-07-11 00:00:00', '1979-07-26 00:00:00', 'I can say.\' This was quite pleased to have him with them,\' the Mock Turtle.'),
(192, 44, 44, '1984-11-22 00:00:00', '1984-12-07 00:00:00', 'Hatter and the three gardeners at it, busily painting them red. Alice thought.'),
(193, 56, 84, '2006-10-17 00:00:00', '2006-11-01 00:00:00', 'Alice heard the King put on your shoes and stockings for you now, dears? I\'m.'),
(194, 7, 54, '2006-08-22 00:00:00', '2006-09-06 00:00:00', 'Alice had learnt several things of this remark, and thought to herself. At.'),
(195, 88, 281, '2002-06-13 00:00:00', '2002-06-28 00:00:00', 'Jack-in-the-box, and up the fan and gloves--that is, if I fell off the fire.'),
(196, 61, 12, '1978-04-20 00:00:00', '1978-05-05 00:00:00', 'King; \'and don\'t look at it!\' This speech caused a remarkable sensation among.'),
(197, 65, 216, '1979-02-15 00:00:00', '1979-03-02 00:00:00', 'This seemed to be a queer thing, to be seen--everything seemed to Alice with.'),
(198, 3, 177, '1985-05-24 00:00:00', '1985-06-08 00:00:00', 'FIT you,\' said the Hatter; \'so I can\'t see you?\' She was close behind it was.'),
(199, 80, 268, '1975-07-01 00:00:00', '1975-07-16 00:00:00', 'King; and the whole head appeared, and then they both sat silent and looked at.'),
(200, 65, 57, '2014-01-14 00:00:00', '2014-01-29 00:00:00', 'Mind now!\' The poor little thing sat down at her rather inquisitively, and.'),
(201, 56, 1, '2010-09-07 00:00:00', '2010-09-22 00:00:00', 'The Cat\'s head with great curiosity, and this Alice would not open any of.'),
(202, 80, 57, '1994-09-20 00:00:00', '1994-10-05 00:00:00', 'I was going to dive in among the leaves, which she had finished, her sister.'),
(203, 79, 64, '1998-01-21 00:00:00', '1998-02-05 00:00:00', 'His voice has a timid and tremulous sound.] \'That\'s different from what I was.'),
(204, 95, 21, '2013-03-29 00:00:00', '2013-04-13 00:00:00', 'Queen\'s hedgehog just now, only it ran away when it grunted again, and all.'),
(205, 19, 122, '1979-07-11 00:00:00', '1979-07-26 00:00:00', 'Presently she began nursing her child again, singing a sort of circle, (\'the.'),
(206, 40, 175, '2006-07-18 00:00:00', '2006-08-02 00:00:00', 'Alice. \'And be quick about it,\' added the Hatter, \'I cut some more of it now.'),
(207, 53, 156, '1996-07-13 00:00:00', '1996-07-28 00:00:00', 'YOU are, first.\' \'Why?\' said the Hatter. \'Nor I,\' said the Mock Turtle. \'She.'),
(208, 23, 220, '2013-07-04 00:00:00', '2013-07-19 00:00:00', 'I don\'t put my arm round your waist,\' the Duchess sang the second time round.'),
(209, 64, 209, '1982-07-02 00:00:00', '1982-07-17 00:00:00', 'I almost think I can guess that,\' she added aloud. \'Do you take me for asking!.'),
(210, 67, 20, '1985-05-16 00:00:00', '1985-05-31 00:00:00', 'Duchess said in a languid, sleepy voice. \'Who are YOU?\' said the Cat. \'I\'d.'),
(211, 23, 204, '1988-10-03 00:00:00', '1988-10-18 00:00:00', 'Mouse, who seemed to be no sort of meaning in it, \'and what is the reason so.'),
(212, 98, 105, '2013-01-18 00:00:00', '2013-02-02 00:00:00', 'I? Ah, THAT\'S the great wonder is, that I\'m perfectly sure I can\'t be civil.'),
(213, 43, 14, '1978-07-04 00:00:00', '1978-07-19 00:00:00', 'Alice said nothing: she had somehow fallen into the book her sister on the top.'),
(214, 90, 86, '1973-01-05 00:00:00', '1973-01-20 00:00:00', 'I\'ll just see what I get\" is the same size: to be no doubt that it would be.'),
(215, 6, 164, '2019-11-13 00:00:00', '2019-11-28 00:00:00', 'Alice. \'It goes on, you know,\' said the Queen. \'Sentence first--verdict.'),
(216, 83, 122, '2015-07-26 00:00:00', '2015-08-10 00:00:00', 'Hatter. \'He won\'t stand beating. Now, if you could see this, as she could, \'If.'),
(217, 11, 155, '2010-03-05 00:00:00', '2010-03-20 00:00:00', 'Queen, and Alice, were in custody and under sentence of execution.\' \'What.'),
(218, 86, 251, '1999-04-09 00:00:00', '1999-04-24 00:00:00', 'Bill,\' thought Alice,) \'Well, I can\'t see you?\' She was looking at everything.'),
(219, 48, 55, '1984-09-18 00:00:00', '1984-10-03 00:00:00', 'BUSY BEE,\" but it all came different!\' Alice replied very readily: \'but that\'s.'),
(220, 31, 1, '1987-10-01 00:00:00', '1987-10-16 00:00:00', 'TRUE--\" that\'s the queerest thing about it.\' (The jury all wrote down on one.'),
(221, 70, 193, '2016-04-21 00:00:00', '2016-05-06 00:00:00', 'Alice. \'I mean what I say,\' the Mock Turtle. Alice was very fond of pretending.'),
(222, 43, 238, '2008-04-01 00:00:00', '2008-04-16 00:00:00', 'I--\' \'Oh, don\'t bother ME,\' said the Eaglet. \'I don\'t believe it,\' said the.'),
(223, 24, 22, '1998-10-10 00:00:00', '1998-10-25 00:00:00', 'YET,\' she said to herself, as usual. I wonder if I must, I must,\' the King.'),
(224, 58, 267, '1976-11-24 00:00:00', '1976-12-09 00:00:00', 'Alice. \'Now we shall have to ask the question?\' said the Hatter; \'so I can\'t.'),
(225, 27, 256, '1973-09-11 00:00:00', '1973-09-26 00:00:00', 'Mock Turtle said: \'no wise fish would go anywhere without a grin,\' thought.'),
(226, 92, 23, '1988-04-29 00:00:00', '1988-05-14 00:00:00', 'Down, down, down. Would the fall NEVER come to the Duchess: \'and the moral of.'),
(227, 33, 96, '1976-12-04 00:00:00', '1976-12-19 00:00:00', 'The King and the other was sitting on a branch of a candle is blown out, for.'),
(228, 21, 42, '2015-12-12 00:00:00', '2015-12-27 00:00:00', 'Alice, and she drew herself up and say \"How doth the little golden key was too.'),
(229, 99, 206, '1992-07-25 00:00:00', '1992-08-09 00:00:00', 'I suppose it doesn\'t matter which way she put it. She stretched herself up and.'),
(230, 78, 24, '2017-09-22 00:00:00', '2017-10-07 00:00:00', 'OUTSIDE.\' He unfolded the paper as he said to herself, and began to get in?\'.'),
(231, 44, 101, '2002-10-11 00:00:00', '2002-10-26 00:00:00', 'Alice ventured to remark. \'Tut, tut, child!\' said the March Hare said to.'),
(232, 79, 226, '1972-05-31 00:00:00', '1972-06-15 00:00:00', 'Everything is so out-of-the-way down here, that I should say what you would.'),
(233, 86, 251, '1973-02-25 00:00:00', '1973-03-12 00:00:00', 'I fancied that kind of sob, \'I\'ve tried the roots of trees, and I\'ve tried to.'),
(234, 52, 25, '1976-07-22 00:00:00', '1976-08-06 00:00:00', 'She got up this morning? I almost wish I\'d gone to see a little pattering of.'),
(235, 25, 113, '1997-10-06 00:00:00', '1997-10-21 00:00:00', 'Caterpillar. Here was another puzzling question; and as Alice could not think.'),
(236, 75, 272, '1976-05-24 00:00:00', '1976-06-08 00:00:00', 'Mock Turtle\'s Story \'You can\'t think how glad I am very tired of being upset.'),
(237, 84, 228, '1988-12-15 00:00:00', '1988-12-30 00:00:00', 'I\'m afraid, but you might like to drop the jar for fear of their hearing her.'),
(238, 74, 149, '2007-03-16 00:00:00', '2007-03-31 00:00:00', 'Alice started to her ear. \'You\'re thinking about something, my dear, YOU must.'),
(239, 31, 149, '2001-07-03 00:00:00', '2001-07-18 00:00:00', 'The soldiers were silent, and looked anxiously over his shoulder as she went.'),
(240, 33, 96, '1970-05-02 00:00:00', '1970-05-17 00:00:00', 'Alice. \'Oh, don\'t talk about her any more if you\'d like it put more.'),
(241, 90, 244, '2010-06-27 00:00:00', '2010-07-12 00:00:00', 'Said he thanked the whiting kindly, but he would deny it too: but the great.'),
(242, 35, 49, '2018-04-23 00:00:00', '2018-05-08 00:00:00', 'By the use of this was his first speech. \'You should learn not to be rude, so.'),
(243, 8, 90, '2011-05-02 00:00:00', '2011-05-17 00:00:00', 'Mock Turtle had just succeeded in getting its body tucked away, comfortably.'),
(244, 2, 174, '2010-05-30 00:00:00', '2010-06-14 00:00:00', 'I\'m afraid,\' said Alice, a little three-legged table, all made of solid glass.'),
(245, 61, 123, '2014-03-23 00:00:00', '2014-04-07 00:00:00', 'Dormouse say?\' one of the day; and this Alice thought to herself. At this.'),
(246, 48, 242, '1983-07-14 00:00:00', '1983-07-29 00:00:00', 'I\'ll set Dinah at you!\' There was a large pigeon had flown into her face.'),
(247, 80, 229, '1985-02-28 00:00:00', '1985-03-15 00:00:00', 'Alice crouched down among the leaves, which she had nibbled some more tea,\'.'),
(248, 44, 64, '1983-07-31 00:00:00', '1983-08-15 00:00:00', 'King. (The jury all brightened up again.) \'Please your Majesty,\' said Two, in.'),
(249, 44, 27, '1990-08-05 00:00:00', '1990-08-20 00:00:00', 'The Rabbit Sends in a tone of the suppressed guinea-pigs, filled the air.'),
(250, 58, 173, '2006-10-05 00:00:00', '2006-10-20 00:00:00', 'In a little bit, and said to the Knave was standing before them, in chains.'),
(251, 20, 67, '1979-07-21 00:00:00', '1979-08-05 00:00:00', 'HE taught us Drawling, Stretching, and Fainting in Coils.\' \'What was THAT.'),
(252, 57, 143, '1994-11-27 00:00:00', '1994-12-12 00:00:00', 'Alice, whose thoughts were still running on the bank, and of having the.'),
(253, 59, 4, '2018-07-23 00:00:00', '2018-08-07 00:00:00', 'I!\' said the Hatter. \'It isn\'t mine,\' said the Dormouse, and repeated her.'),
(254, 40, 87, '1985-07-29 00:00:00', '1985-08-13 00:00:00', 'Suppress him! Pinch him! Off with his head!\' she said, without even waiting to.'),
(255, 80, 296, '1977-06-05 00:00:00', '1977-06-20 00:00:00', 'Has lasted the rest of the guinea-pigs cheered, and was looking about for.'),
(256, 56, 207, '1981-04-04 00:00:00', '1981-04-19 00:00:00', 'HERE.\' \'But then,\' thought Alice, \'and if it likes.\' \'I\'d rather finish my.'),
(257, 96, 295, '2015-03-09 00:00:00', '2015-03-24 00:00:00', 'Alice again, for this curious child was very provoking to find any. And yet I.'),
(258, 34, 297, '1971-06-12 00:00:00', '1971-06-27 00:00:00', 'And beat him when he sneezes; For he can EVEN finish, if he were trying which.'),
(259, 77, 119, '1983-07-07 00:00:00', '1983-07-22 00:00:00', 'Alice noticed, had powdered hair that curled all over with fright. \'Oh, I beg.'),
(260, 27, 219, '1996-10-29 00:00:00', '1996-11-13 00:00:00', 'Rabbit began. Alice thought this must be off, and that makes them.'),
(261, 15, 208, '1986-04-25 00:00:00', '1986-05-10 00:00:00', 'Latitude or Longitude I\'ve got to see if there are, nobody attends to.'),
(262, 50, 265, '2000-07-17 00:00:00', '2000-08-01 00:00:00', 'Dormouse,\' the Queen to play croquet.\' The Frog-Footman repeated, in the sea.'),
(263, 4, 92, '1975-12-24 00:00:00', '1976-01-08 00:00:00', 'I sleep\" is the same solemn tone, only changing the order of the ground, Alice.'),
(264, 65, 245, '1971-08-06 00:00:00', '1971-08-21 00:00:00', 'Duchess: \'what a clear way you go,\' said the King. \'Nearly two miles high,\'.'),
(265, 33, 114, '1984-11-07 00:00:00', '1984-11-22 00:00:00', 'Cat; and this was his first speech. \'You should learn not to lie down on their.'),
(266, 95, 235, '2010-12-21 00:00:00', '2011-01-05 00:00:00', 'IS his business!\' said Five, \'and I\'ll tell him--it was for bringing the cook.'),
(267, 69, 224, '2006-02-18 00:00:00', '2006-03-05 00:00:00', 'Alice like the Mock Turtle at last, more calmly, though still sobbing a little.'),
(268, 56, 278, '2008-07-29 00:00:00', '2008-08-13 00:00:00', 'I suppose I ought to be a great deal of thought, and rightly too, that very.'),
(269, 2, 94, '2014-12-19 00:00:00', '2015-01-03 00:00:00', 'Hatter instead!\' CHAPTER VII. A Mad Tea-Party There was a queer-shaped little.'),
(270, 85, 48, '1984-08-13 00:00:00', '1984-08-28 00:00:00', 'Though they were lying on their slates, \'SHE doesn\'t believe there\'s an atom.'),
(271, 78, 235, '1995-09-25 00:00:00', '1995-10-10 00:00:00', 'Alice started to her in a louder tone. \'ARE you to sit down without being.'),
(272, 100, 237, '1970-11-16 00:00:00', '1970-12-01 00:00:00', 'Alice, that she had caught the flamingo and brought it back, the fight was.'),
(273, 86, 102, '1997-03-08 00:00:00', '1997-03-23 00:00:00', 'Lizard in head downwards, and the choking of the house opened, and a piece of.'),
(274, 78, 53, '2004-07-11 00:00:00', '2004-07-26 00:00:00', 'I\'ll tell you just now what the name of nearly everything there. \'That\'s the.'),
(275, 57, 223, '1980-10-23 00:00:00', '1980-11-07 00:00:00', 'The Mouse gave a little shaking among the distant sobs of the e--e--evening.'),
(276, 38, 274, '1977-02-20 00:00:00', '1977-03-07 00:00:00', 'I only wish they WOULD put their heads down and make out which were the verses.'),
(277, 33, 231, '2008-10-05 00:00:00', '2008-10-20 00:00:00', 'I should think it so yet,\' said the last few minutes, and she drew herself up.'),
(278, 47, 202, '1995-02-20 00:00:00', '1995-03-07 00:00:00', 'Majesty,\' said the Gryphon, \'you first form into a large pigeon had flown into.'),
(279, 81, 255, '2004-05-12 00:00:00', '2004-05-27 00:00:00', 'Dodo in an undertone to the end of the song. \'What trial is it?\' The Gryphon.'),
(280, 26, 287, '1971-03-23 00:00:00', '1971-04-07 00:00:00', 'I like being that person, I\'ll come up: if not, I\'ll stay down here! It\'ll be.'),
(281, 47, 194, '2006-12-05 00:00:00', '2006-12-20 00:00:00', 'Dormouse into the court, arm-in-arm with the dream of Wonderland of long ago.'),
(282, 98, 55, '2010-08-11 00:00:00', '2010-08-26 00:00:00', 'Footman remarked, \'till tomorrow--\' At this the whole window!\' \'Sure, it does.'),
(283, 45, 132, '2000-04-17 00:00:00', '2000-05-02 00:00:00', 'Alice. \'That\'s very important,\' the King eagerly, and he hurried off. Alice.'),
(284, 47, 19, '2020-06-29 00:00:00', '2020-07-14 00:00:00', 'Alice: \'three inches is such a dreadful time.\' So Alice got up this morning? I.'),
(285, 27, 286, '2014-03-07 00:00:00', '2014-03-22 00:00:00', 'Do come back again, and all the while, and fighting for the Duchess sneezed.'),
(286, 36, 255, '2002-08-20 00:00:00', '2002-09-04 00:00:00', 'For some minutes the whole party look so grave and anxious.) Alice could not.'),
(287, 3, 82, '2006-10-20 00:00:00', '2006-11-04 00:00:00', 'Five. \'I heard every word you fellows were saying.\' \'Tell us a story!\' said.'),
(288, 58, 277, '1994-01-14 00:00:00', '1994-01-29 00:00:00', 'Dinah my dear! I wish I hadn\'t quite finished my tea when I was a little.'),
(289, 20, 295, '1979-09-14 00:00:00', '1979-09-29 00:00:00', 'Gryphon as if his heart would break. She pitied him deeply. \'What is his.'),
(290, 91, 276, '2011-09-14 00:00:00', '2011-09-29 00:00:00', 'And in she went. Once more she found it made Alice quite hungry to look about.'),
(291, 5, 122, '1985-02-17 00:00:00', '1985-03-04 00:00:00', 'Lory, who at last it unfolded its arms, took the place of the court,\" and I.'),
(292, 10, 96, '1985-03-08 00:00:00', '1985-03-23 00:00:00', 'I was a very pretty dance,\' said Alice in a great thistle, to keep herself.'),
(293, 86, 69, '2007-11-10 00:00:00', '2007-11-25 00:00:00', 'THIS FIT--\" you never had fits, my dear, and that in the distance, and she.'),
(294, 18, 228, '2011-04-10 00:00:00', '2011-04-25 00:00:00', 'There ought to speak, and no more to be sure, this generally happens when one.'),
(295, 71, 177, '1981-12-15 00:00:00', '1981-12-30 00:00:00', 'Alice. \'I\'ve so often read in the world she was appealed to by all three dates.'),
(296, 91, 172, '1980-01-31 00:00:00', '1980-02-15 00:00:00', 'I\'ll be jury,\" Said cunning old Fury: \"I\'ll try the experiment?\' \'HE might.'),
(297, 60, 161, '1971-02-18 00:00:00', '1971-03-05 00:00:00', 'I should think it was,\' said the Gryphon, and all of them didn\'t know how to.'),
(298, 48, 175, '1979-10-24 00:00:00', '1979-11-08 00:00:00', 'I will just explain to you how the game was in managing her flamingo: she.'),
(299, 72, 15, '2001-07-25 00:00:00', '2001-08-09 00:00:00', 'I tell you!\' But she did not feel encouraged to ask his neighbour to tell.'),
(300, 78, 3, '2004-11-01 00:00:00', '2004-11-16 00:00:00', 'They all sat down with wonder at the stick, and held it out to sea. So they.'),
(301, 55, 85, '1983-08-21 00:00:00', '1983-09-05 00:00:00', 'Five! Always lay the blame on others!\' \'YOU\'D better not do that again!\' which.'),
(302, 98, 146, '1986-02-16 00:00:00', '1986-03-03 00:00:00', 'I meant,\' the King said, turning to the game. CHAPTER IX. The Mock Turtle is.\'.'),
(303, 65, 58, '1990-08-14 00:00:00', '1990-08-29 00:00:00', 'Alice, \'as all the other side, the puppy made another snatch in the common.'),
(304, 87, 226, '1994-05-14 00:00:00', '1994-05-29 00:00:00', 'Then it got down off the top of his great wig.\' The judge, by the officers of.'),
(305, 25, 70, '2012-11-08 00:00:00', '2012-11-23 00:00:00', 'Panther received knife and fork with a smile. There was exactly one a-piece.'),
(306, 81, 200, '1971-01-29 00:00:00', '1971-02-13 00:00:00', 'Alice, surprised at her with large round eyes, and feebly stretching out one.'),
(307, 90, 142, '1997-04-09 00:00:00', '1997-04-24 00:00:00', 'ARE OLD, FATHER WILLIAM,\' to the beginning of the tale was something like it,\'.'),
(308, 8, 271, '1977-03-12 00:00:00', '1977-03-27 00:00:00', 'Involved in this way! Stop this moment, and fetch me a pair of white kid.'),
(309, 94, 207, '1979-12-14 00:00:00', '1979-12-29 00:00:00', 'HIS time of life. The King\'s argument was, that she could not join the dance?.'),
(310, 27, 22, '1973-12-29 00:00:00', '1974-01-13 00:00:00', 'Lory positively refused to tell its age, there was no time to hear it say, as.'),
(311, 83, 120, '1998-06-08 00:00:00', '1998-06-23 00:00:00', 'That\'ll be a LITTLE larger, sir, if you want to see the Mock Turtle a little.'),
(312, 62, 32, '2002-02-15 00:00:00', '2002-03-02 00:00:00', 'There were doors all round the refreshments!\' But there seemed to be ashamed.'),
(313, 86, 129, '1993-09-04 00:00:00', '1993-09-19 00:00:00', 'Rabbit\'s voice along--\'Catch him, you by the time she went on. Her listeners.'),
(314, 74, 44, '1993-03-21 00:00:00', '1993-04-05 00:00:00', 'I give it up,\' Alice replied: \'what\'s the answer?\' \'I haven\'t opened it yet,\'.'),
(315, 95, 248, '1988-05-16 00:00:00', '1988-05-31 00:00:00', 'Alice, as the Caterpillar decidedly, and he says it\'s so useful, it\'s worth a.'),
(316, 44, 248, '2003-11-28 00:00:00', '2003-12-13 00:00:00', 'Alice started to her lips. \'I know what a wonderful dream it had made. \'He.'),
(317, 16, 172, '2014-04-11 00:00:00', '2014-04-26 00:00:00', 'There seemed to be beheaded!\' \'What for?\' said the Cat, and vanished. Alice.'),
(318, 36, 257, '2013-05-02 00:00:00', '2013-05-17 00:00:00', 'Where CAN I have done just as if she did not sneeze, were the cook, and a.'),
(319, 12, 160, '1982-10-19 00:00:00', '1982-11-03 00:00:00', 'Alice\'s shoulder as she spoke; \'either you or your head must be collected at.'),
(320, 21, 156, '2001-01-04 00:00:00', '2001-01-19 00:00:00', 'I\'ll tell you more than Alice could speak again. In a little timidly, for she.'),
(321, 97, 55, '2005-08-29 00:00:00', '2005-09-13 00:00:00', 'I give you fair warning,\' shouted the Queen. \'Their heads are gone, if it.'),
(322, 56, 87, '1975-03-28 00:00:00', '1975-04-12 00:00:00', 'Alice, and, after glaring at her feet, for it was done. They had a vague sort.'),
(323, 40, 149, '1974-03-18 00:00:00', '1974-04-02 00:00:00', 'For this must be what he did with the other: the only difficulty was, that you.'),
(324, 91, 131, '1978-04-25 00:00:00', '1978-05-10 00:00:00', 'Alice felt a little timidly, \'why you are painting those roses?\' Five and.'),
(325, 62, 112, '1975-08-29 00:00:00', '1975-09-13 00:00:00', 'I only wish people knew that: then they both bowed low, and their slates and.'),
(326, 99, 145, '2002-04-26 00:00:00', '2002-05-11 00:00:00', 'Gryphon went on muttering over the list, feeling very glad to get in at the.'),
(327, 48, 278, '2002-04-29 00:00:00', '2002-05-14 00:00:00', 'Alice looked down at them, and he went on again:-- \'I didn\'t write it, and.'),
(328, 11, 159, '1974-09-17 00:00:00', '1974-10-02 00:00:00', 'The Mouse did not get dry again: they had to double themselves up and picking.'),
(329, 48, 100, '1982-03-28 00:00:00', '1982-04-12 00:00:00', 'Mock Turtle, and said to itself in a great many more than three.\' \'Your hair.'),
(330, 24, 86, '1998-05-11 00:00:00', '1998-05-26 00:00:00', 'King, \'unless it was all ridges and furrows; the balls were live hedgehogs.'),
(331, 81, 298, '1989-09-12 00:00:00', '1989-09-27 00:00:00', 'Majesty,\' said Two, in a long, low hall, which was immediately suppressed by.'),
(332, 58, 79, '2002-06-09 00:00:00', '2002-06-24 00:00:00', 'Bill\'s place for a minute or two, which gave the Pigeon in a deep voice, \'What.'),
(333, 59, 184, '2014-08-04 00:00:00', '2014-08-19 00:00:00', 'But there seemed to Alice for protection. \'You shan\'t be beheaded!\' said.'),
(334, 52, 269, '1987-12-04 00:00:00', '1987-12-19 00:00:00', 'Alice: \'she\'s so extremely--\' Just then she noticed that they could not help.'),
(335, 53, 87, '2015-05-07 00:00:00', '2015-05-22 00:00:00', 'I begin, please your Majesty,\' said Two, in a very melancholy voice. \'Repeat.'),
(336, 84, 133, '1980-11-03 00:00:00', '1980-11-18 00:00:00', 'White Rabbit was still in existence; \'and now for the hedgehogs; and in his.'),
(337, 3, 154, '1985-12-04 00:00:00', '1985-12-19 00:00:00', 'She was looking for eggs, I know who I WAS when I got up and said, \'So you.'),
(338, 45, 25, '2005-07-21 00:00:00', '2005-08-05 00:00:00', 'The Hatter\'s remark seemed to be a person of authority over Alice. \'Stand up.'),
(339, 66, 38, '1999-06-28 00:00:00', '1999-07-13 00:00:00', 'Trims his belt and his friends shared their never-ending meal, and the.'),
(340, 100, 82, '1995-10-18 00:00:00', '1995-11-02 00:00:00', 'Alice. \'I\'ve so often read in the grass, merely remarking that a red-hot poker.'),
(341, 25, 171, '1995-02-01 00:00:00', '1995-02-16 00:00:00', 'Lizard, who seemed to be treated with respect. \'Cheshire Puss,\' she began, in.'),
(342, 79, 161, '2018-04-16 00:00:00', '2018-05-01 00:00:00', 'CHAPTER IV. The Rabbit Sends in a tone of delight, and rushed at the March.'),
(343, 96, 136, '2011-06-18 00:00:00', '2011-07-03 00:00:00', 'Gryphon, \'she wants for to know when the White Rabbit cried out, \'Silence in.'),
(344, 74, 257, '1986-05-28 00:00:00', '1986-06-12 00:00:00', 'They had a consultation about this, and after a pause: \'the reason is, that.'),
(345, 92, 30, '2000-04-13 00:00:00', '2000-04-28 00:00:00', 'Rabbit coming to look at me like that!\' He got behind Alice as it was growing.'),
(346, 9, 185, '2016-06-06 00:00:00', '2016-06-21 00:00:00', 'Alice. It looked good-natured, she thought: still it was perfectly round, she.'),
(347, 100, 143, '1984-09-02 00:00:00', '1984-09-17 00:00:00', 'Alice timidly. \'Would you like to show you! A little bright-eyed terrier, you.'),
(348, 54, 240, '1984-05-30 00:00:00', '1984-06-14 00:00:00', 'Alice to herself, as she had brought herself down to the company generally.'),
(349, 49, 176, '2008-01-27 00:00:00', '2008-02-11 00:00:00', 'ME, and told me he was going to leave the room, when her eye fell on a little.'),
(350, 89, 35, '1997-04-17 00:00:00', '1997-05-02 00:00:00', 'Mock Turtle said: \'no wise fish would go anywhere without a great crash, as if.'),
(351, 60, 181, '2000-01-16 00:00:00', '2000-01-31 00:00:00', 'I used to it!\' pleaded poor Alice. \'But you\'re so easily offended, you know!\'.'),
(352, 10, 39, '2013-08-17 00:00:00', '2013-09-01 00:00:00', 'He says it kills all the rest, Between yourself and me.\' \'That\'s the judge,\'.'),
(353, 90, 30, '1983-03-29 00:00:00', '1983-04-13 00:00:00', 'Queen ordering off her head!\' the Queen said severely \'Who is this?\' She said.'),
(354, 4, 128, '2018-09-13 00:00:00', '2018-09-28 00:00:00', 'The Hatter opened his eyes were nearly out of breath, and said \'That\'s very.');
INSERT INTO `emprunt` (`id`, `client_id`, `exemplaire_id`, `date_emprunt`, `date_retour`, `commentaires`) VALUES
(355, 51, 218, '1992-08-08 00:00:00', '1992-08-23 00:00:00', 'Five. \'I heard the King triumphantly, pointing to the table, half hoping that.'),
(356, 13, 163, '2001-03-27 00:00:00', '2001-04-11 00:00:00', 'Queen left off, quite out of the sea.\' \'I couldn\'t help it,\' she said to.'),
(357, 52, 298, '2001-12-09 00:00:00', '2001-12-24 00:00:00', 'It\'ll be no use in saying anything more till the puppy\'s bark sounded quite.'),
(358, 15, 300, '2013-04-17 00:00:00', '2013-05-02 00:00:00', 'Footman remarked, \'till tomorrow--\' At this the whole thing very absurd, but.'),
(359, 36, 250, '2015-02-05 00:00:00', '2015-02-20 00:00:00', 'Jack-in-the-box, and up I goes like a wild beast, screamed \'Off with her face.'),
(360, 92, 14, '2012-07-27 00:00:00', '2012-08-11 00:00:00', 'Mouse, turning to Alice, very much what would happen next. First, she dreamed.'),
(361, 92, 120, '1976-12-31 00:00:00', '1977-01-15 00:00:00', 'Alice knew it was only the pepper that had slipped in like herself. \'Would it.'),
(362, 15, 85, '2012-10-09 00:00:00', '2012-10-24 00:00:00', 'Gryphon. \'I mean, what makes them bitter--and--and barley-sugar and such.'),
(363, 5, 134, '2009-12-26 00:00:00', '2010-01-10 00:00:00', 'Gryphon at the window, I only wish they COULD! I\'m sure _I_ shan\'t be able! I.'),
(364, 55, 40, '1981-08-14 00:00:00', '1981-08-29 00:00:00', 'I was thinking I should be free of them can explain it,\' said the King, the.'),
(365, 6, 118, '2008-09-02 00:00:00', '2008-09-17 00:00:00', 'Miss, this here ought to have finished,\' said the Cat, \'or you wouldn\'t mind,\'.'),
(366, 13, 76, '1999-11-24 00:00:00', '1999-12-09 00:00:00', 'White Rabbit, who was passing at the picture.) \'Up, lazy thing!\' said Alice.'),
(367, 81, 167, '2004-02-25 00:00:00', '2004-03-11 00:00:00', 'Caterpillar. \'Well, perhaps your feelings may be different,\' said Alice; \'it\'s.'),
(368, 42, 60, '1983-12-26 00:00:00', '1984-01-10 00:00:00', 'Said cunning old Fury: \"I\'ll try the effect: the next verse,\' the Gryphon.'),
(369, 32, 261, '1972-07-19 00:00:00', '1972-08-03 00:00:00', 'Alice as he wore his crown over the edge of her age knew the name again!\' \'I.'),
(370, 8, 171, '2016-11-02 00:00:00', '2016-11-17 00:00:00', 'I was sent for.\' \'You ought to have the experiment tried. \'Very true,\' said.'),
(371, 96, 181, '1977-12-06 00:00:00', '1977-12-21 00:00:00', 'I know I do!\' said Alice indignantly. \'Ah! then yours wasn\'t a really good.'),
(372, 90, 246, '2009-10-07 00:00:00', '2009-10-22 00:00:00', 'Duchess by this time). \'Don\'t grunt,\' said Alice; \'that\'s not at all anxious.'),
(373, 36, 281, '2009-01-04 00:00:00', '2009-01-19 00:00:00', 'Queens, and among them Alice recognised the White Rabbit, who said in a sulky.'),
(374, 19, 255, '2015-10-13 00:00:00', '2015-10-28 00:00:00', 'Alice, \'a great girl like you,\' (she might well say this), \'to go on in a day.'),
(375, 22, 55, '2007-07-24 00:00:00', '2007-08-08 00:00:00', 'By the time when I learn music.\' \'Ah! that accounts for it,\' said Alice.'),
(376, 42, 293, '1976-08-24 00:00:00', '1976-09-08 00:00:00', 'I should think very likely true.) Down, down, down. There was a table, with a.'),
(377, 74, 297, '1990-05-16 00:00:00', '1990-05-31 00:00:00', 'The Queen turned crimson with fury, and, after glaring at her as she added.'),
(378, 35, 202, '1981-03-16 00:00:00', '1981-03-31 00:00:00', 'I\'m perfectly sure I can\'t show it you myself,\' the Mock Turtle, suddenly.'),
(379, 8, 267, '1977-10-21 00:00:00', '1977-11-05 00:00:00', 'Gryphon. \'I mean, what makes them so often, you know.\' \'Not at all,\' said the.'),
(380, 23, 180, '2006-10-10 00:00:00', '2006-10-25 00:00:00', 'Mock Turtle said with a large rabbit-hole under the window, and on both sides.'),
(381, 73, 78, '2017-03-16 00:00:00', '2017-03-31 00:00:00', 'There was exactly three inches high). \'But I\'m NOT a serpent!\' said Alice.'),
(382, 44, 48, '2006-06-29 00:00:00', '2006-07-14 00:00:00', 'Pigeon; \'but if you\'ve seen them so often, you know.\' \'And what are YOUR shoes.'),
(383, 19, 207, '1976-07-21 00:00:00', '1976-08-05 00:00:00', 'Alice, \'I\'ve often seen a good deal frightened by this time). \'Don\'t grunt,\'.'),
(384, 80, 158, '2003-11-10 00:00:00', '2003-11-25 00:00:00', 'But do cats eat bats?\' and sometimes, \'Do bats eat cats?\' for, you see, as she.'),
(385, 60, 146, '1983-02-12 00:00:00', '1983-02-27 00:00:00', 'Queen said to the Knave of Hearts, who only bowed and smiled in reply. \'Please.'),
(386, 62, 198, '1973-10-26 00:00:00', '1973-11-10 00:00:00', 'And beat him when he finds out who was peeping anxiously into its face was.'),
(387, 79, 48, '2005-01-09 00:00:00', '2005-01-24 00:00:00', 'They all made of solid glass; there was no one else seemed inclined to say a.'),
(388, 38, 50, '1996-08-14 00:00:00', '1996-08-29 00:00:00', 'Dodo had paused as if he were trying to make it stop. \'Well, I\'d hardly.'),
(389, 80, 185, '1977-07-29 00:00:00', '1977-08-13 00:00:00', 'Hatter, \'you wouldn\'t talk about cats or dogs either, if you were never even.'),
(390, 63, 10, '1997-02-02 00:00:00', '1997-02-17 00:00:00', 'I am to see some meaning in it,\' but none of them attempted to explain the.'),
(391, 58, 88, '1977-07-07 00:00:00', '1977-07-22 00:00:00', 'VERY long claws and a pair of gloves and a large kitchen, which was.'),
(392, 43, 104, '2018-05-13 00:00:00', '2018-05-28 00:00:00', 'Majesty,\' said Two, in a soothing tone: \'don\'t be angry about it. And yet I.'),
(393, 58, 189, '1998-05-11 00:00:00', '1998-05-26 00:00:00', 'Don\'t be all day about it!\' Last came a little startled when she first saw the.'),
(394, 81, 283, '2002-05-23 00:00:00', '2002-06-07 00:00:00', 'Puss,\' she began, in rather a hard word, I will just explain to you to sit.'),
(395, 100, 118, '1980-03-17 00:00:00', '1980-04-01 00:00:00', 'ARE OLD, FATHER WILLIAM,\' to the cur, \"Such a trial, dear Sir, With no jury or.'),
(396, 15, 46, '2018-04-01 00:00:00', '2018-04-16 00:00:00', 'King hastily said, and went in. The door led right into a line along the.'),
(397, 79, 52, '1982-10-10 00:00:00', '1982-10-25 00:00:00', 'Duchess, \'and that\'s why. Pig!\' She said it to annoy, Because he knows it.'),
(398, 73, 157, '2001-04-11 00:00:00', '2001-04-26 00:00:00', 'Alice was only a pack of cards, after all. I needn\'t be afraid of interrupting.'),
(399, 67, 185, '1984-04-28 00:00:00', '1984-05-13 00:00:00', 'Let me see--how IS it to be beheaded!\' said Alice, \'I\'ve often seen them so.'),
(400, 91, 83, '2012-10-14 00:00:00', '2012-10-29 00:00:00', 'ME.\' \'You!\' said the King triumphantly, pointing to the Queen. \'I haven\'t the.'),
(401, 82, 18, '2016-10-26 00:00:00', '2016-11-10 00:00:00', 'March Hare interrupted, yawning. \'I\'m getting tired of this. I vote the young.'),
(402, 47, 203, '1987-08-14 00:00:00', '1987-08-29 00:00:00', 'QUITE as much as she remembered the number of cucumber-frames there must be!\'.'),
(403, 26, 150, '2008-08-21 00:00:00', '2008-09-05 00:00:00', 'Has lasted the rest of the jurymen. \'It isn\'t mine,\' said the Dodo. Then they.'),
(404, 18, 298, '2005-03-16 00:00:00', '2005-03-31 00:00:00', 'I\'m Mabel, I\'ll stay down here till I\'m somebody else\"--but, oh dear!\' cried.'),
(405, 76, 49, '2018-11-27 00:00:00', '2018-12-12 00:00:00', 'Queen, in a sort of life! I do hope it\'ll make me grow large again, for really.'),
(406, 29, 241, '1986-09-03 00:00:00', '1986-09-18 00:00:00', 'When the Mouse had changed his mind, and was just saying to her great.'),
(407, 93, 107, '1989-08-08 00:00:00', '1989-08-23 00:00:00', 'Dormouse; \'--well in.\' This answer so confused poor Alice, and she sat still.'),
(408, 69, 144, '1999-06-19 00:00:00', '1999-07-04 00:00:00', 'I shall never get to twenty at that rate! However, the Multiplication Table.'),
(409, 55, 39, '1998-05-10 00:00:00', '1998-05-25 00:00:00', 'YOUR adventures.\' \'I could tell you how the game was going on, as she spoke.'),
(410, 75, 208, '1996-05-17 00:00:00', '1996-06-01 00:00:00', 'Mouse replied rather crossly: \'of course you don\'t!\' the Hatter added as an.'),
(411, 90, 193, '1997-05-02 00:00:00', '1997-05-17 00:00:00', 'The poor little thing howled so, that Alice could hardly hear the Rabbit.'),
(412, 39, 287, '1980-12-14 00:00:00', '1980-12-29 00:00:00', 'So she began: \'O Mouse, do you know about this business?\' the King added in a.'),
(413, 27, 91, '2015-10-29 00:00:00', '2015-11-13 00:00:00', 'I don\'t put my arm round your waist,\' the Duchess and the little glass table.'),
(414, 28, 240, '1993-04-28 00:00:00', '1993-05-13 00:00:00', 'Five. \'I heard every word you fellows were saying.\' \'Tell us a story!\' said.'),
(415, 30, 87, '2017-11-25 00:00:00', '2017-12-10 00:00:00', 'PLEASE mind what you\'re at!\" You know the song, \'I\'d have said to itself \'Then.'),
(416, 39, 278, '1974-09-13 00:00:00', '1974-09-28 00:00:00', 'There was nothing so VERY nearly at the Caterpillar\'s making such a thing I.'),
(417, 3, 100, '1984-10-21 00:00:00', '1984-11-05 00:00:00', 'Alice; and Alice looked very anxiously into its face was quite tired of this.'),
(418, 58, 148, '1973-10-01 00:00:00', '1973-10-16 00:00:00', 'The door led right into a conversation. Alice felt that she wanted much to.'),
(419, 34, 293, '2007-01-26 00:00:00', '2007-02-10 00:00:00', 'Soup! Beau--ootiful Soo--oop! Beau--ootiful Soo--oop! Beau--ootiful Soo--oop!.'),
(420, 3, 191, '1992-04-04 00:00:00', '1992-04-19 00:00:00', 'King, with an M--\' \'Why with an M?\' said Alice. \'Call it what you mean,\' said.'),
(421, 71, 295, '2016-03-17 00:00:00', '2016-04-01 00:00:00', 'I ought to be two people! Why, there\'s hardly room to open her mouth; but she.'),
(422, 68, 264, '2002-03-23 00:00:00', '2002-04-07 00:00:00', 'Dormouse crossed the court, without even looking round. \'I\'ll fetch the.'),
(423, 67, 231, '1987-03-25 00:00:00', '1987-04-09 00:00:00', 'Alice thought she might as well as she left her, leaning her head down to the.'),
(424, 94, 38, '1993-08-20 00:00:00', '1993-09-04 00:00:00', 'But at any rate: go and live in that poky little house, and found that her.'),
(425, 50, 130, '1971-01-01 00:00:00', '1971-01-16 00:00:00', 'AND SHOES.\' the Gryphon whispered in a very long silence, broken only by an.'),
(426, 98, 154, '2008-10-04 00:00:00', '2008-10-19 00:00:00', 'Alice; \'I must be removed,\' said the Hatter. This piece of rudeness was more.'),
(427, 76, 123, '2012-09-22 00:00:00', '2012-10-07 00:00:00', 'Advice from a Caterpillar The Caterpillar and Alice thought the poor little.'),
(428, 65, 261, '1991-06-13 00:00:00', '1991-06-28 00:00:00', 'Now you know.\' \'Who is it directed to?\' said one of the Shark, But, when the.'),
(429, 83, 26, '1980-03-16 00:00:00', '1980-03-31 00:00:00', 'I am in the distance. \'Come on!\' cried the Mock Turtle: \'nine the next, and so.'),
(430, 25, 144, '1996-07-28 00:00:00', '1996-08-12 00:00:00', 'ARE OLD, FATHER WILLIAM,\"\' said the King, the Queen, \'and take this young lady.'),
(431, 31, 107, '2018-12-08 00:00:00', '2018-12-23 00:00:00', 'Mock Turtle: \'why, if a dish or kettle had been jumping about like mad things.'),
(432, 68, 96, '1997-02-04 00:00:00', '1997-02-19 00:00:00', 'Alice to herself, \'in my going out altogether, like a Jack-in-the-box, and up.'),
(433, 68, 11, '1999-06-29 00:00:00', '1999-07-14 00:00:00', 'Alice. \'It must have been ill.\' \'So they were,\' said the King. \'It began with.'),
(434, 29, 221, '1993-04-03 00:00:00', '1993-04-18 00:00:00', 'Duchess sang the second verse of the room. The cook threw a frying-pan after.'),
(435, 2, 176, '1974-12-23 00:00:00', '1975-01-07 00:00:00', 'I\'ve tried banks, and I\'ve tried banks, and I\'ve tried to look about her and.'),
(436, 21, 155, '1979-02-02 00:00:00', '1979-02-17 00:00:00', 'Cat. \'I said pig,\' replied Alice; \'and I wish I hadn\'t to bring tears into her.'),
(437, 17, 40, '2011-05-11 00:00:00', '2011-05-26 00:00:00', 'Alice: \'I don\'t much care where--\' said Alice. \'It goes on, you know,\' said.'),
(438, 48, 105, '1998-08-03 00:00:00', '1998-08-18 00:00:00', 'Alice asked in a thick wood. \'The first thing she heard it say to this: so she.'),
(439, 38, 249, '1998-04-19 00:00:00', '1998-05-04 00:00:00', 'WAS a curious appearance in the pool, and the three gardeners who were giving.'),
(440, 20, 18, '2003-03-19 00:00:00', '2003-04-03 00:00:00', 'See how eagerly the lobsters and the arm that was said, and went stamping.'),
(441, 100, 12, '1981-04-11 00:00:00', '1981-04-26 00:00:00', 'Hearts, she made it out into the roof was thatched with fur. It was as much.'),
(442, 93, 34, '1996-01-08 00:00:00', '1996-01-23 00:00:00', 'NEAR THE FENDER, (WITH ALICE\'S LOVE). Oh dear, what nonsense I\'m talking!\'.'),
(443, 6, 121, '1992-10-03 00:00:00', '1992-10-18 00:00:00', 'HER ONE, THEY GAVE HIM TWO--\" why, that must be a book of rules for shutting.'),
(444, 92, 138, '1973-07-05 00:00:00', '1973-07-20 00:00:00', 'March Hare. \'Sixteenth,\' added the Hatter, it woke up again as she went back.'),
(445, 35, 198, '2013-02-28 00:00:00', '2013-03-15 00:00:00', 'Normans--\" How are you thinking of?\' \'I beg your pardon,\' said Alice.'),
(446, 16, 150, '1973-06-06 00:00:00', '1973-06-21 00:00:00', 'Alice could bear: she got into the loveliest garden you ever eat a little.'),
(447, 70, 54, '1970-10-26 00:00:00', '1970-11-10 00:00:00', 'They all made of solid glass; there was enough of me left to make SOME change.'),
(448, 27, 90, '1972-12-20 00:00:00', '1973-01-04 00:00:00', 'I never knew so much into the loveliest garden you ever eat a bat?\' when.'),
(449, 65, 145, '1991-05-19 00:00:00', '1991-06-03 00:00:00', 'The three soldiers wandered about in all my life, never!\' They had not gone.'),
(450, 82, 173, '1978-04-13 00:00:00', '1978-04-28 00:00:00', 'Alice said; \'there\'s a large pigeon had flown into her face. \'Wake up.'),
(451, 92, 19, '2001-02-04 00:00:00', '2001-02-19 00:00:00', 'Alice\'s great surprise, the Duchess\'s knee, while plates and dishes crashed.'),
(452, 87, 32, '2018-03-10 00:00:00', '2018-03-25 00:00:00', 'Alice, \'or perhaps they won\'t walk the way I want to go among mad people,\'.'),
(453, 99, 39, '1984-04-11 00:00:00', '1984-04-26 00:00:00', 'And argued each case with MINE,\' said the Caterpillar. Here was another long.'),
(454, 93, 141, '1981-07-09 00:00:00', '1981-07-24 00:00:00', 'Long Tale They were just beginning to get through the air! Do you think you.'),
(455, 83, 270, '2006-03-27 00:00:00', '2006-04-11 00:00:00', 'Bill! the master says you\'re to go down the chimney!\' \'Oh! So Bill\'s got the.'),
(456, 93, 131, '2006-08-22 00:00:00', '2006-09-06 00:00:00', 'I wonder?\' And here poor Alice in a great deal to ME,\' said the Gryphon. \'Of.'),
(457, 19, 93, '2017-03-28 00:00:00', '2017-04-12 00:00:00', 'All on a branch of a large rabbit-hole under the table: she opened the door.'),
(458, 85, 6, '2019-10-21 00:00:00', '2019-11-05 00:00:00', 'Fish-Footman was gone, and, by the whole party swam to the game. CHAPTER IX.'),
(459, 59, 29, '1975-03-13 00:00:00', '1975-03-28 00:00:00', 'Alice remarked. \'Oh, you foolish Alice!\' she answered herself. \'How can you.'),
(460, 27, 233, '1988-01-30 00:00:00', '1988-02-14 00:00:00', 'Alice said to herself, in a hoarse, feeble voice: \'I heard the Rabbit began.'),
(461, 65, 204, '1977-03-24 00:00:00', '1977-04-08 00:00:00', 'Hatter: \'as the things between whiles.\' \'Then you shouldn\'t talk,\' said the.'),
(462, 71, 68, '1998-11-18 00:00:00', '1998-12-03 00:00:00', 'Dormouse!\' And they pinched it on both sides of the players to be Involved in.'),
(463, 50, 261, '1980-07-09 00:00:00', '1980-07-24 00:00:00', 'Mouse had changed his mind, and was delighted to find her way out. \'I shall.'),
(464, 31, 65, '2002-06-13 00:00:00', '2002-06-28 00:00:00', 'Gryphon, \'you first form into a butterfly, I should be free of them with large.'),
(465, 83, 144, '1995-08-03 00:00:00', '1995-08-18 00:00:00', 'Duchess. \'I make you dry enough!\' They all made of solid glass; there was.'),
(466, 18, 290, '2000-02-27 00:00:00', '2000-03-13 00:00:00', 'The Fish-Footman began by taking the little passage: and THEN--she found.'),
(467, 86, 267, '2017-06-21 00:00:00', '2017-07-06 00:00:00', 'The Knave of Hearts, who only bowed and smiled in reply. \'That\'s right!\'.'),
(468, 36, 218, '1990-07-28 00:00:00', '1990-08-12 00:00:00', 'Off--\' \'Nonsense!\' said Alice, \'and if it makes rather a handsome pig, I.'),
(469, 79, 250, '2007-08-10 00:00:00', '2007-08-25 00:00:00', 'Alice, a good deal until she made out that one of the window, she suddenly.'),
(470, 68, 189, '2000-01-25 00:00:00', '2000-02-09 00:00:00', 'It was the Rabbit coming to look down and saying to her full size by this.'),
(471, 91, 278, '1985-04-20 00:00:00', '1985-05-05 00:00:00', 'Alice for protection. \'You shan\'t be beheaded!\' \'What for?\' said Alice. \'Come.'),
(472, 54, 145, '1998-02-22 00:00:00', '1998-03-09 00:00:00', 'The executioner\'s argument was, that her idea of the Mock Turtle had just.'),
(473, 61, 169, '2006-12-21 00:00:00', '2007-01-05 00:00:00', 'However, she soon made out that the poor little thing sobbed again (or.'),
(474, 68, 93, '1976-02-27 00:00:00', '1976-03-13 00:00:00', 'Wonderland of long ago: and how she was trying to box her own ears for having.'),
(475, 60, 18, '1973-12-12 00:00:00', '1973-12-27 00:00:00', 'Caterpillar. \'Well, I\'ve tried hedges,\' the Pigeon had finished. \'As if I.'),
(476, 80, 294, '1976-03-17 00:00:00', '1976-04-01 00:00:00', 'She was walking hand in her hands, and began:-- \'You are old, Father William,\'.'),
(477, 94, 198, '1975-09-08 00:00:00', '1975-09-23 00:00:00', 'I THINK I can remember feeling a little different. But if I\'m Mabel, I\'ll stay.'),
(478, 58, 152, '1974-08-16 00:00:00', '1974-08-31 00:00:00', 'Duchess took no notice of them were animals, and some \'unimportant.\' Alice.'),
(479, 89, 116, '1989-03-29 00:00:00', '1989-04-13 00:00:00', 'Do cats eat bats, I wonder?\' And here Alice began telling them her adventures.'),
(480, 75, 156, '2012-12-27 00:00:00', '2013-01-11 00:00:00', 'Alice joined the procession, wondering very much at this, she came upon a time.'),
(481, 37, 164, '2007-09-15 00:00:00', '2007-09-30 00:00:00', 'Alice tried to open it; but, as the door as you can--\' \'Swim after them!\'.'),
(482, 42, 18, '2001-05-27 00:00:00', '2001-06-11 00:00:00', 'I\'m not used to do:-- \'How doth the little--\"\' and she said to the Knave \'Turn.'),
(483, 70, 278, '1992-01-18 00:00:00', '1992-02-02 00:00:00', 'I\'m not the same, shedding gallons of tears, but said nothing. \'When we were.'),
(484, 39, 186, '2004-08-28 00:00:00', '2004-09-12 00:00:00', 'Wonderland of long ago: and how she would get up and repeat \"\'TIS THE VOICE OF.'),
(485, 75, 143, '2012-06-20 00:00:00', '2012-07-05 00:00:00', 'French mouse, come over with William the Conqueror.\' (For, with all speed back.'),
(486, 89, 155, '1995-01-17 00:00:00', '1995-02-01 00:00:00', 'Rabbit\'s--\'Pat! Pat! Where are you?\' And then a voice of the deepest contempt.'),
(487, 34, 127, '1997-11-07 00:00:00', '1997-11-22 00:00:00', 'Then it got down off the top of its voice. \'Back to land again, and we won\'t.'),
(488, 24, 277, '1986-11-20 00:00:00', '1986-12-05 00:00:00', 'I\'ve had such a pleasant temper, and thought to herself \'It\'s the thing Mock.'),
(489, 30, 63, '1999-10-18 00:00:00', '1999-11-02 00:00:00', 'How she longed to change the subject. \'Ten hours the first to speak. \'What.'),
(490, 65, 95, '2015-04-11 00:00:00', '2015-04-26 00:00:00', 'Mystery,\' the Mock Turtle. \'No, no! The adventures first,\' said the Hatter.'),
(491, 3, 241, '1974-11-20 00:00:00', '1974-12-05 00:00:00', 'Queen\'s ears--\' the Rabbit was no longer to be afraid of interrupting him,).'),
(492, 6, 7, '2009-08-09 00:00:00', '2009-08-24 00:00:00', 'However, it was indeed: she was nine feet high, and was gone across to the.'),
(493, 38, 257, '2014-09-24 00:00:00', '2014-10-09 00:00:00', 'WAS a curious dream!\' said Alice, and she set the little passage: and.'),
(494, 89, 230, '2006-02-27 00:00:00', '2006-03-14 00:00:00', 'The hedgehog was engaged in a large ring, with the distant green leaves. As.'),
(495, 98, 46, '1985-12-15 00:00:00', '1985-12-30 00:00:00', 'I can say.\' This was quite a commotion in the kitchen. \'When I\'M a Duchess,\'.'),
(496, 49, 253, '2002-07-17 00:00:00', '2002-08-01 00:00:00', 'Duchess by this time?\' she said this, she came rather late, and the little.'),
(497, 30, 1, '1975-07-05 00:00:00', '1975-07-20 00:00:00', 'Alice, who felt ready to make SOME change in my life!\' She had already heard.'),
(498, 93, 184, '2015-02-05 00:00:00', '2015-02-20 00:00:00', 'England the nearer is to do it?\' \'In my youth,\' said the Mock Turtle.'),
(499, 70, 113, '1995-10-11 00:00:00', '1995-10-26 00:00:00', 'When they take us up and down, and was suppressed. \'Come, that finished the.'),
(500, 82, 262, '2005-07-05 00:00:00', '2005-07-20 00:00:00', 'CAN I have to ask them what the next thing is, to get an opportunity of taking.');

-- --------------------------------------------------------

--
-- Structure de la table `exemplaire`
--

CREATE TABLE `exemplaire` (
  `id` int(11) NOT NULL,
  `livre_id` int(11) NOT NULL,
  `etat` varchar(50) NOT NULL
) ENGINE=InnoDB DEFAULT CHARSET=utf8mb4;

--
-- Déchargement des données de la table `exemplaire`
--

INSERT INTO `exemplaire` (`id`, `livre_id`, `etat`) VALUES
(1, 290, 'brûlé'),
(2, 31, 'taché de Tropico'),
(3, 205, 'mangé par un chat'),
(4, 227, 'taché de Tropico'),
(5, 148, 'taché de café'),
(6, 83, 'brûlé'),
(7, 279, 'vieux'),
(8, 162, 'taché de Cola-cao'),
(9, 47, 'vieux'),
(10, 57, 'brûlé'),
(11, 227, 'taché de Cola-cao'),
(12, 59, 'taché de Cola-cao'),
(13, 62, 'mangé par une souris'),
(14, 41, 'vieux'),
(15, 139, 'mangé par une souris'),
(16, 64, 'nouveau'),
(17, 152, 'mangé par une souris'),
(18, 120, 'taché de Tropico'),
(19, 267, 'taché de café'),
(20, 134, 'nouveau'),
(21, 150, 'taché de café'),
(22, 22, 'mangé par une souris'),
(23, 40, 'taché de Cola-cao'),
(24, 95, 'mangé par un chat'),
(25, 148, 'taché de café'),
(26, 289, 'brûlé'),
(27, 157, 'mangé par une souris'),
(28, 22, 'vieux'),
(29, 99, 'mangé par une souris'),
(30, 276, 'mangé par une souris'),
(31, 30, 'taché de Tropico'),
(32, 222, 'taché de café'),
(33, 253, 'nouveau'),
(34, 212, 'taché de Cola-cao'),
(35, 132, 'vieux'),
(36, 229, 'mangé par un chat'),
(37, 292, 'mangé par un chat'),
(38, 244, 'mangé par une souris'),
(39, 126, 'taché de Cola-cao'),
(40, 176, 'mangé par un chat'),
(41, 79, 'mangé par une souris'),
(42, 16, 'vieux'),
(43, 208, 'taché de Tropico'),
(44, 25, 'brûlé'),
(45, 55, 'taché de Cola-cao'),
(46, 54, 'brûlé'),
(47, 248, 'mangé par un chat'),
(48, 139, 'taché de Cola-cao'),
(49, 37, 'brûlé'),
(50, 11, 'taché de café'),
(51, 89, 'nouveau'),
(52, 118, 'taché de café'),
(53, 121, 'taché de Tropico'),
(54, 226, 'mangé par une souris'),
(55, 237, 'taché de café'),
(56, 177, 'brûlé'),
(57, 134, 'taché de Tropico'),
(58, 169, 'mangé par un chat'),
(59, 1, 'brûlé'),
(60, 172, 'nouveau'),
(61, 132, 'taché de Tropico'),
(62, 297, 'taché de Tropico'),
(63, 158, 'mangé par une souris'),
(64, 216, 'brûlé'),
(65, 86, 'mangé par une souris'),
(66, 184, 'brûlé'),
(67, 278, 'mangé par un chat'),
(68, 273, 'taché de café'),
(69, 61, 'nouveau'),
(70, 98, 'mangé par une souris'),
(71, 30, 'taché de Cola-cao'),
(72, 244, 'vieux'),
(73, 174, 'vieux'),
(74, 261, 'taché de Tropico'),
(75, 101, 'mangé par une souris'),
(76, 287, 'taché de Cola-cao'),
(77, 1, 'taché de Tropico'),
(78, 54, 'vieux'),
(79, 64, 'vieux'),
(80, 255, 'vieux'),
(81, 186, 'mangé par un chat'),
(82, 231, 'taché de Tropico'),
(83, 72, 'mangé par une souris'),
(84, 79, 'taché de Cola-cao'),
(85, 242, 'mangé par une souris'),
(86, 210, 'taché de Tropico'),
(87, 102, 'taché de café'),
(88, 82, 'taché de café'),
(89, 17, 'mangé par un chat'),
(90, 137, 'mangé par un chat'),
(91, 122, 'taché de Tropico'),
(92, 120, 'mangé par un chat'),
(93, 64, 'nouveau'),
(94, 287, 'vieux'),
(95, 229, 'brûlé'),
(96, 149, 'taché de Tropico'),
(97, 268, 'taché de café'),
(98, 155, 'taché de Cola-cao'),
(99, 207, 'nouveau'),
(100, 184, 'mangé par un chat'),
(101, 68, 'taché de Tropico'),
(102, 241, 'taché de café'),
(103, 117, 'mangé par une souris'),
(104, 139, 'mangé par un chat'),
(105, 53, 'taché de Tropico'),
(106, 137, 'taché de café'),
(107, 191, 'mangé par une souris'),
(108, 113, 'nouveau'),
(109, 137, 'nouveau'),
(110, 37, 'vieux'),
(111, 37, 'mangé par un chat'),
(112, 78, 'taché de café'),
(113, 249, 'mangé par un chat'),
(114, 89, 'taché de café'),
(115, 38, 'mangé par une souris'),
(116, 194, 'taché de Tropico'),
(117, 186, 'vieux'),
(118, 257, 'vieux'),
(119, 130, 'mangé par une souris'),
(120, 294, 'mangé par un chat'),
(121, 297, 'brûlé'),
(122, 144, 'taché de café'),
(123, 252, 'mangé par un chat'),
(124, 297, 'vieux'),
(125, 172, 'brûlé'),
(126, 61, 'brûlé'),
(127, 294, 'brûlé'),
(128, 135, 'vieux'),
(129, 124, 'brûlé'),
(130, 13, 'taché de Tropico'),
(131, 90, 'nouveau'),
(132, 279, 'taché de Tropico'),
(133, 25, 'brûlé'),
(134, 82, 'mangé par une souris'),
(135, 38, 'vieux'),
(136, 254, 'mangé par une souris'),
(137, 50, 'taché de café'),
(138, 46, 'brûlé'),
(139, 281, 'taché de Tropico'),
(140, 204, 'nouveau'),
(141, 229, 'mangé par une souris'),
(142, 189, 'taché de Cola-cao'),
(143, 167, 'taché de Tropico'),
(144, 84, 'nouveau'),
(145, 261, 'taché de Tropico'),
(146, 61, 'brûlé'),
(147, 32, 'brûlé'),
(148, 234, 'brûlé'),
(149, 273, 'taché de Cola-cao'),
(150, 84, 'vieux'),
(151, 126, 'mangé par un chat'),
(152, 242, 'taché de Cola-cao'),
(153, 230, 'nouveau'),
(154, 16, 'brûlé'),
(155, 76, 'vieux'),
(156, 164, 'brûlé'),
(157, 188, 'nouveau'),
(158, 208, 'mangé par une souris'),
(159, 54, 'taché de café'),
(160, 58, 'taché de Tropico'),
(161, 103, 'taché de Tropico'),
(162, 12, 'mangé par un chat'),
(163, 94, 'taché de Cola-cao'),
(164, 207, 'nouveau'),
(165, 258, 'vieux'),
(166, 234, 'nouveau'),
(167, 216, 'mangé par un chat'),
(168, 148, 'vieux'),
(169, 27, 'vieux'),
(170, 48, 'mangé par un chat'),
(171, 251, 'taché de café'),
(172, 38, 'nouveau'),
(173, 215, 'nouveau'),
(174, 208, 'mangé par un chat'),
(175, 2, 'vieux'),
(176, 198, 'nouveau'),
(177, 14, 'taché de Cola-cao'),
(178, 81, 'taché de Tropico'),
(179, 122, 'taché de café'),
(180, 108, 'mangé par un chat'),
(181, 187, 'taché de Cola-cao'),
(182, 46, 'mangé par un chat'),
(183, 167, 'taché de café'),
(184, 21, 'nouveau'),
(185, 194, 'mangé par une souris'),
(186, 96, 'mangé par une souris'),
(187, 15, 'mangé par une souris'),
(188, 227, 'mangé par une souris'),
(189, 146, 'vieux'),
(190, 264, 'taché de café'),
(191, 44, 'mangé par une souris'),
(192, 44, 'brûlé'),
(193, 58, 'taché de Cola-cao'),
(194, 39, 'nouveau'),
(195, 67, 'taché de café'),
(196, 165, 'mangé par une souris'),
(197, 81, 'mangé par un chat'),
(198, 87, 'taché de café'),
(199, 213, 'mangé par une souris'),
(200, 73, 'taché de café'),
(201, 274, 'mangé par un chat'),
(202, 52, 'vieux'),
(203, 27, 'taché de Cola-cao'),
(204, 130, 'nouveau'),
(205, 163, 'taché de Tropico'),
(206, 243, 'brûlé'),
(207, 26, 'mangé par une souris'),
(208, 182, 'taché de café'),
(209, 242, 'mangé par un chat'),
(210, 141, 'mangé par un chat'),
(211, 123, 'vieux'),
(212, 157, 'brûlé'),
(213, 288, 'mangé par un chat'),
(214, 90, 'taché de Tropico'),
(215, 150, 'taché de café'),
(216, 1, 'brûlé'),
(217, 240, 'mangé par un chat'),
(218, 135, 'vieux'),
(219, 269, 'taché de café'),
(220, 50, 'mangé par une souris'),
(221, 93, 'taché de Tropico'),
(222, 266, 'mangé par un chat'),
(223, 3, 'vieux'),
(224, 276, 'taché de Cola-cao'),
(225, 180, 'taché de café'),
(226, 157, 'taché de Cola-cao'),
(227, 241, 'vieux'),
(228, 166, 'brûlé'),
(229, 77, 'mangé par un chat'),
(230, 121, 'mangé par un chat'),
(231, 85, 'mangé par une souris'),
(232, 184, 'taché de Tropico'),
(233, 128, 'taché de Cola-cao'),
(234, 225, 'vieux'),
(235, 171, 'brûlé'),
(236, 290, 'mangé par un chat'),
(237, 95, 'mangé par un chat'),
(238, 273, 'nouveau'),
(239, 196, 'taché de Tropico'),
(240, 282, 'taché de café'),
(241, 107, 'mangé par un chat'),
(242, 189, 'brûlé'),
(243, 234, 'nouveau'),
(244, 285, 'mangé par une souris'),
(245, 285, 'brûlé'),
(246, 122, 'taché de Tropico'),
(247, 126, 'vieux'),
(248, 88, 'taché de Cola-cao'),
(249, 170, 'taché de Cola-cao'),
(250, 2, 'taché de café'),
(251, 108, 'taché de Tropico'),
(252, 239, 'taché de café'),
(253, 208, 'nouveau'),
(254, 198, 'mangé par une souris'),
(255, 41, 'taché de Cola-cao'),
(256, 273, 'mangé par un chat'),
(257, 279, 'taché de café'),
(258, 48, 'taché de Tropico'),
(259, 31, 'mangé par un chat'),
(260, 134, 'brûlé'),
(261, 210, 'taché de café'),
(262, 154, 'nouveau'),
(263, 156, 'taché de Tropico'),
(264, 219, 'mangé par une souris'),
(265, 23, 'taché de Tropico'),
(266, 172, 'nouveau'),
(267, 293, 'nouveau'),
(268, 238, 'taché de Tropico'),
(269, 213, 'vieux'),
(270, 129, 'nouveau'),
(271, 162, 'brûlé'),
(272, 70, 'taché de Tropico'),
(273, 93, 'taché de café'),
(274, 250, 'taché de Cola-cao'),
(275, 5, 'taché de Cola-cao'),
(276, 217, 'taché de café'),
(277, 45, 'mangé par un chat'),
(278, 102, 'taché de café'),
(279, 227, 'mangé par une souris'),
(280, 179, 'taché de Cola-cao'),
(281, 71, 'mangé par un chat'),
(282, 295, 'taché de café'),
(283, 63, 'brûlé'),
(284, 107, 'taché de Tropico'),
(285, 175, 'mangé par une souris'),
(286, 216, 'mangé par un chat'),
(287, 195, 'nouveau'),
(288, 291, 'taché de Tropico'),
(289, 284, 'taché de Tropico'),
(290, 217, 'mangé par une souris'),
(291, 296, 'taché de Cola-cao'),
(292, 197, 'taché de café'),
(293, 77, 'vieux'),
(294, 42, 'taché de Cola-cao'),
(295, 74, 'nouveau'),
(296, 287, 'taché de Cola-cao'),
(297, 18, 'taché de Tropico'),
(298, 189, 'nouveau'),
(299, 187, 'brûlé'),
(300, 235, 'taché de Cola-cao');

-- --------------------------------------------------------

--
-- Structure de la table `livre`
--

CREATE TABLE `livre` (
  `id` int(11) NOT NULL,
  `titre` varchar(150) NOT NULL,
  `prix` decimal(10,2) NOT NULL,
  `description` text NOT NULL,
  `date_publication` datetime NOT NULL,
  `isbn` varchar(20) NOT NULL,
  `auteur_id` int(11) NOT NULL
) ENGINE=InnoDB DEFAULT CHARSET=utf8mb4;

--
-- Déchargement des données de la table `livre`
--

INSERT INTO `livre` (`id`, `titre`, `prix`, `description`, `date_publication`, `isbn`, `auteur_id`) VALUES
(1, 'La guerre de Togo', '18.00', 'Bla bla bla La guerre de Togo', '1992-12-04 00:00:00', '6262180090953002', 82),
(2, 'Cara et Oma partent à la campagne', '17.00', 'Bla bla bla Cara et Oma partent à la campagne', '2015-10-14 00:00:00', '4261105836484558', 54),
(3, 'Asterix en Bangladesh', '13.00', 'Bla bla bla Asterix en Bangladesh', '2000-08-31 00:00:00', '8540342928755684', 74),
(4, 'Cristian et Juliana partent à la campagne', '12.00', 'Bla bla bla Cristian et Juliana partent à la campagne', '1977-04-06 00:00:00', '4058079347373923', 50),
(5, 'Talon va faire la fête', '21.00', 'Bla bla bla Talon va faire la fête', '2020-07-30 00:00:00', '7746995623751890', 39),
(6, 'Le grand amour de Osvaldo', '28.00', 'Bla bla bla Le grand amour de Osvaldo', '1991-10-13 00:00:00', '3611592035885284', 12),
(7, '157 shades of Gray', '18.00', 'Bla bla bla 157 shades of Gray', '1974-02-09 00:00:00', '1631823890014932', 5),
(8, 'Les aventures de Verlie', '31.00', 'Bla bla bla Les aventures de Verlie', '1976-10-24 00:00:00', '3272653617150603', 45),
(9, 'Heads below!\' (a.', '18.00', 'Bla bla bla Heads below!\' (a.', '2007-12-14 00:00:00', '3583461099886931', 25),
(10, 'Lobster Quadrille.', '16.00', 'Bla bla bla Lobster Quadrille.', '1973-03-30 00:00:00', '5559580959768622', 25),
(11, 'Arvel et Gerhard partent à la campagne', '30.00', 'Bla bla bla Arvel et Gerhard partent à la campagne', '2017-04-17 00:00:00', '2091205451602807', 58),
(12, 'Ashlynn et Birdie partent à la campagne', '11.00', 'Bla bla bla Ashlynn et Birdie partent à la campagne', '2005-08-16 00:00:00', '1262688442930083', 13),
(13, 'Asterix en Japan', '31.00', 'Bla bla bla Asterix en Japan', '1994-10-06 00:00:00', '8393558858497069', 85),
(14, '199 shades of Gray', '23.00', 'Bla bla bla 199 shades of Gray', '2010-07-19 00:00:00', '2757710262232442', 9),
(15, '169 shades of Gray', '15.00', 'Bla bla bla 169 shades of Gray', '1979-07-02 00:00:00', '1889401485913057', 9),
(16, 'Bessie va faire la fête', '11.00', 'Bla bla bla Bessie va faire la fête', '1987-01-27 00:00:00', '6901914493408642', 59),
(17, '103 shades of Gray', '32.00', 'Bla bla bla 103 shades of Gray', '1977-12-01 00:00:00', '6520011941375795', 31),
(18, 'Le grand amour de Jackie', '34.00', 'Bla bla bla Le grand amour de Jackie', '2004-02-06 00:00:00', '3515370839226491', 32),
(19, 'Dinah, if I was, I.', '32.00', 'Bla bla bla Dinah, if I was, I.', '2018-03-06 00:00:00', '1508171094323075', 66),
(20, 'Gabriella va faire la fête', '21.00', 'Bla bla bla Gabriella va faire la fête', '1996-02-18 00:00:00', '9693563444968743', 28),
(21, 'Asterix en Denmark', '33.00', 'Bla bla bla Asterix en Denmark', '2014-02-21 00:00:00', '8443772476275603', 64),
(22, '62 shades of Gray', '12.00', 'Bla bla bla 62 shades of Gray', '2003-06-07 00:00:00', '6202123990204857', 11),
(23, 'La guerre de Mauritius', '18.00', 'Bla bla bla La guerre de Mauritius', '2002-06-21 00:00:00', '4595452617437981', 42),
(24, 'Asterix en United States Minor Outlying Islands', '24.00', 'Bla bla bla Asterix en United States Minor Outlying Islands', '1988-01-23 00:00:00', '9223547635974755', 65),
(25, 'Le grand amour de Lesley', '31.00', 'Bla bla bla Le grand amour de Lesley', '1985-06-18 00:00:00', '3399869133315738', 31),
(26, 'Rae et Freda partent à la campagne', '13.00', 'Bla bla bla Rae et Freda partent à la campagne', '1973-10-22 00:00:00', '2687097034600785', 63),
(27, 'Queen, tossing her.', '17.00', 'Bla bla bla Queen, tossing her.', '1972-05-16 00:00:00', '2276625969425924', 50),
(28, 'Asterix en British Virgin Islands', '25.00', 'Bla bla bla Asterix en British Virgin Islands', '1975-08-31 00:00:00', '2054449217805745', 21),
(29, 'Paige et Ezra partent à la campagne', '35.00', 'Bla bla bla Paige et Ezra partent à la campagne', '1998-06-20 00:00:00', '9459181652743660', 33),
(30, 'Les aventures de Karl', '13.00', 'Bla bla bla Les aventures de Karl', '2017-08-04 00:00:00', '9521930120870744', 26),
(31, '117 shades of Gray', '16.00', 'Bla bla bla 117 shades of Gray', '1985-02-07 00:00:00', '3262018733281713', 11),
(32, 'Asterix en Hong Kong', '15.00', 'Bla bla bla Asterix en Hong Kong', '2012-04-11 00:00:00', '4873246969686747', 41),
(33, 'La guerre de South Africa', '20.00', 'Bla bla bla La guerre de South Africa', '1994-01-19 00:00:00', '3906736653146996', 16),
(34, 'Asterix en Afghanistan', '27.00', 'Bla bla bla Asterix en Afghanistan', '2019-12-22 00:00:00', '1032808935103456', 68),
(35, 'Les aventures de Wilford', '30.00', 'Bla bla bla Les aventures de Wilford', '2017-05-22 00:00:00', '2542408599810025', 72),
(36, 'Willa et Lorine partent à la campagne', '11.00', 'Bla bla bla Willa et Lorine partent à la campagne', '1985-01-25 00:00:00', '5249518732808454', 65),
(37, 'Luther va faire la fête', '29.00', 'Bla bla bla Luther va faire la fête', '1980-09-04 00:00:00', '9365577255260213', 11),
(38, 'Celine et Maryam partent à la campagne', '17.00', 'Bla bla bla Celine et Maryam partent à la campagne', '2002-01-25 00:00:00', '3909716240425806', 11),
(39, '62 shades of Gray', '15.00', 'Bla bla bla 62 shades of Gray', '1976-11-20 00:00:00', '3914908949978024', 44),
(40, 'La guerre de Falkland Islands (Malvinas)', '12.00', 'Bla bla bla La guerre de Falkland Islands (Malvinas)', '1988-06-01 00:00:00', '5207934610538184', 38),
(41, 'Ramona et Shayna partent à la campagne', '15.00', 'Bla bla bla Ramona et Shayna partent à la campagne', '1972-01-07 00:00:00', '7676568390161609', 27),
(42, 'Les aventures de Deion', '24.00', 'Bla bla bla Les aventures de Deion', '1990-06-28 00:00:00', '7730993429894373', 87),
(43, 'Katherine va faire la fête', '23.00', 'Bla bla bla Katherine va faire la fête', '1981-04-19 00:00:00', '3562058235449634', 11),
(44, '200 shades of Gray', '25.00', 'Bla bla bla 200 shades of Gray', '1987-03-18 00:00:00', '1888993278954156', 84),
(45, '73 shades of Gray', '32.00', 'Bla bla bla 73 shades of Gray', '2014-12-29 00:00:00', '8380354264789263', 81),
(46, 'La guerre de Cocos (Keeling) Islands', '27.00', 'Bla bla bla La guerre de Cocos (Keeling) Islands', '1971-08-06 00:00:00', '1921533230610339', 70),
(47, 'Les aventures de Lori', '22.00', 'Bla bla bla Les aventures de Lori', '2011-11-23 00:00:00', '5214722121699147', 50),
(48, 'La guerre de Botswana', '17.00', 'Bla bla bla La guerre de Botswana', '2002-05-22 00:00:00', '2001758168282490', 9),
(49, 'He was an immense.', '23.00', 'Bla bla bla He was an immense.', '2007-08-29 00:00:00', '8954882385666348', 34),
(50, 'Le grand amour de Jackson', '32.00', 'Bla bla bla Le grand amour de Jackson', '2019-03-03 00:00:00', '7469513620954659', 27),
(51, 'Vaughn et Uriel partent à la campagne', '26.00', 'Bla bla bla Vaughn et Uriel partent à la campagne', '1989-09-02 00:00:00', '5968620000480237', 39),
(52, 'March Hare said in.', '34.00', 'Bla bla bla March Hare said in.', '1998-02-05 00:00:00', '3061500013115079', 84),
(53, 'Asterix en Finland', '31.00', 'Bla bla bla Asterix en Finland', '2020-06-30 00:00:00', '2347339982893969', 43),
(54, 'Summer et Reyna partent à la campagne', '16.00', 'Bla bla bla Summer et Reyna partent à la campagne', '2010-12-14 00:00:00', '4729061595102664', 43),
(55, 'Le grand amour de Arlo', '30.00', 'Bla bla bla Le grand amour de Arlo', '2016-09-04 00:00:00', '8346604814724255', 83),
(56, 'Le grand amour de Coralie', '11.00', 'Bla bla bla Le grand amour de Coralie', '2007-06-26 00:00:00', '1883053821297908', 16),
(57, 'Watson et Colt partent à la campagne', '15.00', 'Bla bla bla Watson et Colt partent à la campagne', '2014-06-22 00:00:00', '5923378514639845', 29),
(58, '100 shades of Gray', '14.00', 'Bla bla bla 100 shades of Gray', '2000-03-20 00:00:00', '5337735262122321', 86),
(59, 'La guerre de Japan', '17.00', 'Bla bla bla La guerre de Japan', '2014-09-03 00:00:00', '5660471466916882', 6),
(60, 'Amy va faire la fête', '34.00', 'Bla bla bla Amy va faire la fête', '1996-04-30 00:00:00', '7346053028864724', 5),
(61, 'La guerre de Latvia', '32.00', 'Bla bla bla La guerre de Latvia', '1987-02-18 00:00:00', '7919232105029762', 72),
(62, 'Alice could see.', '11.00', 'Bla bla bla Alice could see.', '1974-01-01 00:00:00', '8679934176238244', 17),
(63, 'Florian et Sibyl partent à la campagne', '31.00', 'Bla bla bla Florian et Sibyl partent à la campagne', '1982-05-31 00:00:00', '6989226078948447', 55),
(64, 'Asterix en Belize', '30.00', 'Bla bla bla Asterix en Belize', '1989-07-31 00:00:00', '3613124334637131', 28),
(65, 'Les aventures de Calista', '21.00', 'Bla bla bla Les aventures de Calista', '1986-11-19 00:00:00', '9100443125518274', 45),
(66, 'Puss,\' she began.', '13.00', 'Bla bla bla Puss,\' she began.', '2020-06-09 00:00:00', '5921641928207674', 74),
(67, 'Bettie et Aileen partent à la campagne', '28.00', 'Bla bla bla Bettie et Aileen partent à la campagne', '1981-12-04 00:00:00', '4722664564072511', 19),
(68, 'Les aventures de Rosario', '27.00', 'Bla bla bla Les aventures de Rosario', '2003-01-14 00:00:00', '6764752272165997', 28),
(69, 'Lilla va faire la fête', '16.00', 'Bla bla bla Lilla va faire la fête', '1990-03-13 00:00:00', '2157318305835994', 56),
(70, 'Le grand amour de Kaleigh', '26.00', 'Bla bla bla Le grand amour de Kaleigh', '2003-03-21 00:00:00', '7263006240384503', 47),
(71, 'Le grand amour de Adrianna', '12.00', 'Bla bla bla Le grand amour de Adrianna', '2018-12-12 00:00:00', '1876831365089168', 74),
(72, 'Wanda va faire la fête', '30.00', 'Bla bla bla Wanda va faire la fête', '1984-08-26 00:00:00', '3737298925224351', 3),
(73, 'La guerre de United Kingdom', '19.00', 'Bla bla bla La guerre de United Kingdom', '1988-05-23 00:00:00', '4207884270379757', 43),
(74, 'Asterix en Seychelles', '30.00', 'Bla bla bla Asterix en Seychelles', '1987-05-31 00:00:00', '4743894605420871', 69),
(75, 'Asterix en Norway', '12.00', 'Bla bla bla Asterix en Norway', '1971-02-22 00:00:00', '1181584188141174', 45),
(76, 'La guerre de Korea', '18.00', 'Bla bla bla La guerre de Korea', '1990-08-19 00:00:00', '1908170077087695', 12),
(77, 'Le grand amour de Emelie', '31.00', 'Bla bla bla Le grand amour de Emelie', '1981-10-24 00:00:00', '5407533515216044', 72),
(78, 'Les aventures de Tyra', '19.00', 'Bla bla bla Les aventures de Tyra', '2001-02-06 00:00:00', '9297814545373342', 45),
(79, '77 shades of Gray', '23.00', 'Bla bla bla 77 shades of Gray', '1984-06-23 00:00:00', '2594798809235408', 7),
(80, 'La guerre de Guatemala', '31.00', 'Bla bla bla La guerre de Guatemala', '1983-12-07 00:00:00', '4707875588662676', 90),
(81, 'So she swallowed.', '29.00', 'Bla bla bla So she swallowed.', '2017-10-19 00:00:00', '1158101785640972', 36),
(82, 'Madisyn va faire la fête', '13.00', 'Bla bla bla Madisyn va faire la fête', '1978-11-14 00:00:00', '9527778125792296', 32),
(83, 'Asterix en Tonga', '34.00', 'Bla bla bla Asterix en Tonga', '1996-11-27 00:00:00', '9014606336468651', 39),
(84, 'Asterix en New Zealand', '12.00', 'Bla bla bla Asterix en New Zealand', '2005-04-29 00:00:00', '3273226457719281', 76),
(85, '51 shades of Gray', '13.00', 'Bla bla bla 51 shades of Gray', '1973-09-08 00:00:00', '2087226349351669', 36),
(86, 'Ibrahim et Saul partent à la campagne', '16.00', 'Bla bla bla Ibrahim et Saul partent à la campagne', '1993-03-11 00:00:00', '7976593670766514', 13),
(87, 'Brent va faire la fête', '31.00', 'Bla bla bla Brent va faire la fête', '2014-02-25 00:00:00', '3205773049071288', 29),
(88, '146 shades of Gray', '17.00', 'Bla bla bla 146 shades of Gray', '1999-04-16 00:00:00', '7001212008165139', 15),
(89, 'Les aventures de Kendall', '18.00', 'Bla bla bla Les aventures de Kendall', '2006-09-06 00:00:00', '5990043651915366', 8),
(90, 'Josie et Leonora partent à la campagne', '34.00', 'Bla bla bla Josie et Leonora partent à la campagne', '2001-08-04 00:00:00', '6058250914819261', 90),
(91, 'La guerre de Paraguay', '25.00', 'Bla bla bla La guerre de Paraguay', '2004-08-18 00:00:00', '1134143640754572', 79),
(92, 'Asterix en Indonesia', '30.00', 'Bla bla bla Asterix en Indonesia', '2016-12-01 00:00:00', '1959260877283015', 37),
(93, 'Benny et Julian partent à la campagne', '18.00', 'Bla bla bla Benny et Julian partent à la campagne', '2013-03-05 00:00:00', '7192226950166640', 86),
(94, 'La guerre de Brazil', '26.00', 'Bla bla bla La guerre de Brazil', '1996-11-11 00:00:00', '7256091631295576', 50),
(95, 'La guerre de Grenada', '22.00', 'Bla bla bla La guerre de Grenada', '1976-12-02 00:00:00', '2086146341147378', 65),
(96, 'Les aventures de Heath', '21.00', 'Bla bla bla Les aventures de Heath', '1981-09-03 00:00:00', '1463202978593017', 70),
(97, 'Ursula et Kurt partent à la campagne', '29.00', 'Bla bla bla Ursula et Kurt partent à la campagne', '2016-09-27 00:00:00', '2122116706214976', 24),
(98, 'Le grand amour de Abe', '16.00', 'Bla bla bla Le grand amour de Abe', '2001-10-24 00:00:00', '7403710638200648', 3),
(99, 'Le grand amour de Sam', '29.00', 'Bla bla bla Le grand amour de Sam', '2012-10-13 00:00:00', '1782697005447161', 40),
(100, 'Le grand amour de Carolina', '28.00', 'Bla bla bla Le grand amour de Carolina', '1984-07-24 00:00:00', '3825707850185264', 39),
(101, 'Christ et Richard partent à la campagne', '35.00', 'Bla bla bla Christ et Richard partent à la campagne', '2018-05-26 00:00:00', '6895591206287130', 72),
(102, 'La guerre de Mauritania', '33.00', 'Bla bla bla La guerre de Mauritania', '1992-07-05 00:00:00', '9779889427165599', 24),
(103, 'Le grand amour de Judy', '28.00', 'Bla bla bla Le grand amour de Judy', '1995-06-29 00:00:00', '3004898168711800', 9),
(104, 'Lucas va faire la fête', '19.00', 'Bla bla bla Lucas va faire la fête', '1995-01-18 00:00:00', '1564064100016846', 84),
(105, 'Les aventures de Payton', '26.00', 'Bla bla bla Les aventures de Payton', '2018-07-10 00:00:00', '7367534156756181', 85),
(106, 'Asterix en Martinique', '19.00', 'Bla bla bla Asterix en Martinique', '2003-11-07 00:00:00', '3442525069551267', 79),
(107, 'Mock Turtle: \'nine.', '12.00', 'Bla bla bla Mock Turtle: \'nine.', '2012-02-24 00:00:00', '9049399149992318', 8),
(108, 'When the sands are.', '13.00', 'Bla bla bla When the sands are.', '2018-04-21 00:00:00', '6739672588173733', 55),
(109, 'Asterix en Indonesia', '21.00', 'Bla bla bla Asterix en Indonesia', '2012-03-26 00:00:00', '6271301331674288', 31),
(110, 'Shaniya et Lurline partent à la campagne', '34.00', 'Bla bla bla Shaniya et Lurline partent à la campagne', '1997-02-12 00:00:00', '3363288379735615', 29),
(111, 'Asterix en Turks and Caicos Islands', '11.00', 'Bla bla bla Asterix en Turks and Caicos Islands', '1998-08-27 00:00:00', '4530480849046614', 60),
(112, 'La guerre de Denmark', '16.00', 'Bla bla bla La guerre de Denmark', '2014-12-22 00:00:00', '9560740721914936', 24),
(113, 'La guerre de Nepal', '20.00', 'Bla bla bla La guerre de Nepal', '1983-06-06 00:00:00', '2219067479236888', 81),
(114, '67 shades of Gray', '23.00', 'Bla bla bla 67 shades of Gray', '2004-07-13 00:00:00', '5955008306346037', 43),
(115, 'La guerre de Turkmenistan', '13.00', 'Bla bla bla La guerre de Turkmenistan', '1972-07-27 00:00:00', '4137159695648295', 31),
(116, 'Alice could not.', '21.00', 'Bla bla bla Alice could not.', '1972-06-03 00:00:00', '8622228568286506', 49),
(117, 'Les aventures de Elwin', '17.00', 'Bla bla bla Les aventures de Elwin', '2013-09-23 00:00:00', '7299066124498734', 54),
(118, '189 shades of Gray', '11.00', 'Bla bla bla 189 shades of Gray', '1996-10-07 00:00:00', '5692435517312655', 88),
(119, '85 shades of Gray', '25.00', 'Bla bla bla 85 shades of Gray', '2004-06-08 00:00:00', '3255787395122488', 29),
(120, 'La guerre de Costa Rica', '19.00', 'Bla bla bla La guerre de Costa Rica', '2003-05-31 00:00:00', '4696756214440703', 8),
(121, 'Les aventures de Lemuel', '19.00', 'Bla bla bla Les aventures de Lemuel', '2019-04-10 00:00:00', '7367116170029400', 70),
(122, '167 shades of Gray', '22.00', 'Bla bla bla 167 shades of Gray', '2011-05-01 00:00:00', '1868202935906691', 62),
(123, 'Les aventures de Keven', '26.00', 'Bla bla bla Les aventures de Keven', '1980-01-23 00:00:00', '6497643020576242', 18),
(124, '122 shades of Gray', '31.00', 'Bla bla bla 122 shades of Gray', '1981-02-06 00:00:00', '4676138539926156', 9),
(125, 'Asterix en San Marino', '18.00', 'Bla bla bla Asterix en San Marino', '1989-02-12 00:00:00', '6725003891342710', 87),
(126, 'Le grand amour de Morris', '13.00', 'Bla bla bla Le grand amour de Morris', '1994-11-08 00:00:00', '6015954500031540', 71),
(127, 'Les aventures de Shyann', '14.00', 'Bla bla bla Les aventures de Shyann', '1970-06-28 00:00:00', '1207795141838598', 6),
(128, 'Asterix en Tonga', '31.00', 'Bla bla bla Asterix en Tonga', '2019-02-24 00:00:00', '2570680352469554', 32),
(129, 'Les aventures de Adela', '31.00', 'Bla bla bla Les aventures de Adela', '1984-07-26 00:00:00', '5572529712338159', 82),
(130, '117 shades of Gray', '12.00', 'Bla bla bla 117 shades of Gray', '2006-10-17 00:00:00', '1014920823682998', 75),
(131, '100 shades of Gray', '15.00', 'Bla bla bla 100 shades of Gray', '2019-06-16 00:00:00', '8454216050717140', 38),
(132, 'Asterix en Norway', '35.00', 'Bla bla bla Asterix en Norway', '1985-10-20 00:00:00', '7475375441743345', 19),
(133, 'Alice looked at.', '35.00', 'Bla bla bla Alice looked at.', '2002-07-15 00:00:00', '5239267005627738', 68),
(134, 'Why, there\'s.', '14.00', 'Bla bla bla Why, there\'s.', '1994-07-03 00:00:00', '2654098192808214', 29),
(135, '130 shades of Gray', '28.00', 'Bla bla bla 130 shades of Gray', '2003-12-21 00:00:00', '9787114569995700', 79),
(136, 'Les aventures de Kayleigh', '18.00', 'Bla bla bla Les aventures de Kayleigh', '2013-05-24 00:00:00', '6580348558747146', 60),
(137, 'Le grand amour de Juliet', '20.00', 'Bla bla bla Le grand amour de Juliet', '1981-10-19 00:00:00', '1149403733170411', 66),
(138, 'Asterix en Ethiopia', '18.00', 'Bla bla bla Asterix en Ethiopia', '1997-09-12 00:00:00', '4576132333242507', 50),
(139, 'La guerre de Wallis and Futuna', '13.00', 'Bla bla bla La guerre de Wallis and Futuna', '2016-08-14 00:00:00', '7318965937870763', 75),
(140, '85 shades of Gray', '12.00', 'Bla bla bla 85 shades of Gray', '2018-07-22 00:00:00', '3459459155089658', 12),
(141, 'There was.', '30.00', 'Bla bla bla There was.', '1975-03-20 00:00:00', '4019355490697653', 41),
(142, 'Les aventures de Haskell', '10.00', 'Bla bla bla Les aventures de Haskell', '1983-10-28 00:00:00', '3992869091057012', 44),
(143, 'Scarlett va faire la fête', '22.00', 'Bla bla bla Scarlett va faire la fête', '2013-01-16 00:00:00', '1306244627848247', 41),
(144, 'VERY turn-up nose.', '16.00', 'Bla bla bla VERY turn-up nose.', '1986-04-16 00:00:00', '1031998278730147', 13),
(145, 'Asterix en Madagascar', '28.00', 'Bla bla bla Asterix en Madagascar', '2005-06-25 00:00:00', '4843461239012583', 90),
(146, 'Jordyn et Hardy partent à la campagne', '20.00', 'Bla bla bla Jordyn et Hardy partent à la campagne', '1973-03-17 00:00:00', '7255264852356589', 35),
(147, 'I\'m not used to it.', '31.00', 'Bla bla bla I\'m not used to it.', '2001-09-16 00:00:00', '4306807328870491', 2),
(148, 'Brandyn va faire la fête', '12.00', 'Bla bla bla Brandyn va faire la fête', '1994-02-12 00:00:00', '3117687020790579', 90),
(149, 'I am, sir,\' said.', '29.00', 'Bla bla bla I am, sir,\' said.', '1970-12-05 00:00:00', '8383178967692456', 64),
(150, 'Le grand amour de Green', '30.00', 'Bla bla bla Le grand amour de Green', '1983-07-13 00:00:00', '4108084130147415', 28),
(151, 'Le grand amour de Lisa', '30.00', 'Bla bla bla Le grand amour de Lisa', '1974-07-05 00:00:00', '7046527054537421', 6),
(152, 'Pray, what is the.', '12.00', 'Bla bla bla Pray, what is the.', '2011-02-08 00:00:00', '1596603216573905', 51),
(153, 'Sally et Shanelle partent à la campagne', '30.00', 'Bla bla bla Sally et Shanelle partent à la campagne', '2011-03-14 00:00:00', '3091604484475762', 64),
(154, 'Les aventures de Euna', '29.00', 'Bla bla bla Les aventures de Euna', '2018-08-05 00:00:00', '3446322953532884', 52),
(155, 'Les aventures de Juwan', '21.00', 'Bla bla bla Les aventures de Juwan', '2020-02-11 00:00:00', '8243991942677813', 49),
(156, 'La guerre de New Caledonia', '19.00', 'Bla bla bla La guerre de New Caledonia', '2015-02-06 00:00:00', '2031016111267486', 27),
(157, 'La guerre de Ethiopia', '33.00', 'Bla bla bla La guerre de Ethiopia', '1993-11-01 00:00:00', '5664994819033568', 67),
(158, 'Le grand amour de Cornell', '32.00', 'Bla bla bla Le grand amour de Cornell', '2020-08-01 00:00:00', '7354980641467574', 53),
(159, 'Asterix en Singapore', '10.00', 'Bla bla bla Asterix en Singapore', '1991-09-30 00:00:00', '7470097823512737', 42),
(160, 'La guerre de Romania', '28.00', 'Bla bla bla La guerre de Romania', '2012-12-27 00:00:00', '3842657469346231', 62),
(161, 'Kyler et Neha partent à la campagne', '20.00', 'Bla bla bla Kyler et Neha partent à la campagne', '2007-06-12 00:00:00', '5360584614833784', 42),
(162, '170 shades of Gray', '11.00', 'Bla bla bla 170 shades of Gray', '2007-01-31 00:00:00', '2538198392541934', 76),
(163, '112 shades of Gray', '19.00', 'Bla bla bla 112 shades of Gray', '1970-06-16 00:00:00', '2521578046677064', 85),
(164, 'La guerre de Turkey', '11.00', 'Bla bla bla La guerre de Turkey', '2000-06-29 00:00:00', '1681760477665444', 68),
(165, 'Blair va faire la fête', '16.00', 'Bla bla bla Blair va faire la fête', '2012-03-13 00:00:00', '6385307100155737', 66),
(166, 'Enrico et Carley partent à la campagne', '29.00', 'Bla bla bla Enrico et Carley partent à la campagne', '2001-08-27 00:00:00', '6824304112738955', 39),
(167, 'Hatter, and he.', '33.00', 'Bla bla bla Hatter, and he.', '1987-02-13 00:00:00', '1241729946810971', 9),
(168, 'Asterix en Mauritius', '11.00', 'Bla bla bla Asterix en Mauritius', '2017-08-18 00:00:00', '1969993051940383', 14),
(169, 'Les aventures de Keeley', '13.00', 'Bla bla bla Les aventures de Keeley', '1995-09-06 00:00:00', '3980718762003954', 78),
(170, 'Le grand amour de Hadley', '24.00', 'Bla bla bla Le grand amour de Hadley', '1988-07-03 00:00:00', '1226475311104645', 6),
(171, 'Pauline va faire la fête', '31.00', 'Bla bla bla Pauline va faire la fête', '1976-12-03 00:00:00', '1557080880766459', 8),
(172, 'WHAT things?\' said.', '26.00', 'Bla bla bla WHAT things?\' said.', '1986-02-26 00:00:00', '8274550556053322', 20),
(173, 'Asterix en Cayman Islands', '12.00', 'Bla bla bla Asterix en Cayman Islands', '1987-04-22 00:00:00', '8398857610967492', 42),
(174, 'La guerre de South Georgia and the South Sandwich Islands', '17.00', 'Bla bla bla La guerre de South Georgia and the South Sandwich Islands', '1998-04-11 00:00:00', '3821483383299217', 70),
(175, 'La guerre de Nigeria', '31.00', 'Bla bla bla La guerre de Nigeria', '1992-12-23 00:00:00', '6208191129819264', 16),
(176, 'Asterix en Timor-Leste', '16.00', 'Bla bla bla Asterix en Timor-Leste', '1998-05-22 00:00:00', '2045158242545093', 14),
(177, 'Stefanie et Donato partent à la campagne', '18.00', 'Bla bla bla Stefanie et Donato partent à la campagne', '1992-07-18 00:00:00', '1614075226710335', 18),
(178, 'Le grand amour de Cheyenne', '33.00', 'Bla bla bla Le grand amour de Cheyenne', '1976-12-03 00:00:00', '5115966736423161', 61),
(179, 'Les aventures de Nakia', '20.00', 'Bla bla bla Les aventures de Nakia', '2009-11-22 00:00:00', '8225819563902459', 61),
(180, 'Alta va faire la fête', '20.00', 'Bla bla bla Alta va faire la fête', '1981-04-13 00:00:00', '3733677776894162', 90),
(181, 'La guerre de Syrian Arab Republic', '26.00', 'Bla bla bla La guerre de Syrian Arab Republic', '1987-01-02 00:00:00', '2297384222873772', 75),
(182, 'Meggie va faire la fête', '16.00', 'Bla bla bla Meggie va faire la fête', '1991-06-07 00:00:00', '7216062609169449', 29),
(183, 'Dawson et Conor partent à la campagne', '15.00', 'Bla bla bla Dawson et Conor partent à la campagne', '2006-06-30 00:00:00', '2469929570461440', 58),
(184, 'Le grand amour de Jammie', '32.00', 'Bla bla bla Le grand amour de Jammie', '2014-06-26 00:00:00', '6993138729018248', 51),
(185, 'Mylene et Oscar partent à la campagne', '28.00', 'Bla bla bla Mylene et Oscar partent à la campagne', '2014-11-25 00:00:00', '3468499894792805', 68),
(186, 'Le grand amour de Lonny', '31.00', 'Bla bla bla Le grand amour de Lonny', '1992-05-13 00:00:00', '5885450935697159', 37),
(187, '50 shades of Gray', '30.00', 'Bla bla bla 50 shades of Gray', '2010-04-20 00:00:00', '5860773017418170', 81),
(188, 'Cat went on, \'if.', '14.00', 'Bla bla bla Cat went on, \'if.', '1999-01-12 00:00:00', '6067831238686621', 46),
(189, 'Hardy et Stephanie partent à la campagne', '17.00', 'Bla bla bla Hardy et Stephanie partent à la campagne', '1992-01-28 00:00:00', '4984887118538921', 12),
(190, 'Les aventures de Beth', '27.00', 'Bla bla bla Les aventures de Beth', '1997-07-20 00:00:00', '8834160457193869', 75),
(191, '195 shades of Gray', '35.00', 'Bla bla bla 195 shades of Gray', '2018-09-19 00:00:00', '7105172326802637', 7),
(192, 'Le grand amour de Kiera', '11.00', 'Bla bla bla Le grand amour de Kiera', '1988-11-09 00:00:00', '2279680603040500', 88),
(193, 'Asterix en Estonia', '25.00', 'Bla bla bla Asterix en Estonia', '1972-01-27 00:00:00', '2751237587436509', 21),
(194, 'FIT you,\' said the.', '10.00', 'Bla bla bla FIT you,\' said the.', '2007-08-13 00:00:00', '9880475307217651', 3),
(195, 'Les aventures de Eugenia', '27.00', 'Bla bla bla Les aventures de Eugenia', '1978-01-14 00:00:00', '9685929842404896', 48),
(196, 'Hatter were having.', '15.00', 'Bla bla bla Hatter were having.', '2012-09-01 00:00:00', '7301018991604468', 77),
(197, 'Asterix en Netherlands Antilles', '11.00', 'Bla bla bla Asterix en Netherlands Antilles', '1971-04-17 00:00:00', '1458169716856815', 79),
(198, 'Sallie et Helene partent à la campagne', '35.00', 'Bla bla bla Sallie et Helene partent à la campagne', '2020-05-26 00:00:00', '2216413091027516', 34),
(199, '197 shades of Gray', '30.00', 'Bla bla bla 197 shades of Gray', '2004-02-29 00:00:00', '2440801633746080', 47),
(200, 'La guerre de Belgium', '35.00', 'Bla bla bla La guerre de Belgium', '1981-06-23 00:00:00', '9993492274619420', 46),
(201, 'La guerre de Zambia', '14.00', 'Bla bla bla La guerre de Zambia', '2000-07-18 00:00:00', '1166351210699224', 36),
(202, 'Les aventures de Alvis', '20.00', 'Bla bla bla Les aventures de Alvis', '1978-11-07 00:00:00', '2241753949520690', 16),
(203, 'Lory positively.', '34.00', 'Bla bla bla Lory positively.', '2001-02-05 00:00:00', '2041742205160777', 13),
(204, '98 shades of Gray', '31.00', 'Bla bla bla 98 shades of Gray', '2017-09-08 00:00:00', '7635297055253804', 21),
(205, 'Asterix en Uruguay', '14.00', 'Bla bla bla Asterix en Uruguay', '1983-09-22 00:00:00', '1518589318972104', 53),
(206, 'French mouse, come.', '35.00', 'Bla bla bla French mouse, come.', '2002-02-06 00:00:00', '6370485817901036', 44),
(207, 'Le grand amour de Celia', '32.00', 'Bla bla bla Le grand amour de Celia', '2003-11-27 00:00:00', '5905820851003097', 20),
(208, 'Shawna et Agustin partent à la campagne', '11.00', 'Bla bla bla Shawna et Agustin partent à la campagne', '1990-07-29 00:00:00', '9876719580876375', 90),
(209, 'Les aventures de Caterina', '13.00', 'Bla bla bla Les aventures de Caterina', '2015-01-16 00:00:00', '5377179165240812', 11),
(210, '84 shades of Gray', '20.00', 'Bla bla bla 84 shades of Gray', '2008-03-13 00:00:00', '2009767377253110', 27),
(211, 'Les aventures de Ernie', '29.00', 'Bla bla bla Les aventures de Ernie', '1997-05-12 00:00:00', '3667014217389848', 57),
(212, 'Les aventures de Seth', '20.00', 'Bla bla bla Les aventures de Seth', '2010-12-07 00:00:00', '6387928487569306', 39),
(213, 'Le grand amour de Randy', '10.00', 'Bla bla bla Le grand amour de Randy', '2014-09-22 00:00:00', '3985441678410861', 45),
(214, 'Les aventures de Ellie', '33.00', 'Bla bla bla Les aventures de Ellie', '2016-08-31 00:00:00', '8368173936894064', 34),
(215, 'Ford va faire la fête', '32.00', 'Bla bla bla Ford va faire la fête', '1996-04-11 00:00:00', '5840324455800107', 83),
(216, 'Les aventures de Haylie', '16.00', 'Bla bla bla Les aventures de Haylie', '1978-06-09 00:00:00', '4517027179597344', 54),
(217, 'Le grand amour de Sanford', '20.00', 'Bla bla bla Le grand amour de Sanford', '2012-11-02 00:00:00', '2267098366474893', 79),
(218, 'Les aventures de Abel', '31.00', 'Bla bla bla Les aventures de Abel', '1975-02-12 00:00:00', '9048747505300071', 88),
(219, 'La guerre de Ethiopia', '10.00', 'Bla bla bla La guerre de Ethiopia', '2014-03-27 00:00:00', '2177484082545109', 27),
(220, 'BEST butter,\' the.', '35.00', 'Bla bla bla BEST butter,\' the.', '2017-03-07 00:00:00', '4222317255478398', 90),
(221, 'Les aventures de Arlo', '10.00', 'Bla bla bla Les aventures de Arlo', '2010-11-05 00:00:00', '1777819912134520', 47),
(222, 'Asterix en Japan', '33.00', 'Bla bla bla Asterix en Japan', '1994-04-04 00:00:00', '6622995594147271', 27),
(223, '124 shades of Gray', '35.00', 'Bla bla bla 124 shades of Gray', '2019-08-31 00:00:00', '6087440407567273', 25),
(224, '101 shades of Gray', '14.00', 'Bla bla bla 101 shades of Gray', '1997-05-15 00:00:00', '3570503974607963', 57),
(225, '169 shades of Gray', '33.00', 'Bla bla bla 169 shades of Gray', '1976-11-03 00:00:00', '8858066844897240', 72),
(226, 'I dare say you.', '19.00', 'Bla bla bla I dare say you.', '2004-08-16 00:00:00', '9109070934878038', 11),
(227, 'I am now? That\'ll.', '16.00', 'Bla bla bla I am now? That\'ll.', '2019-07-20 00:00:00', '5091770462721216', 53),
(228, 'Mekhi et Greta partent à la campagne', '26.00', 'Bla bla bla Mekhi et Greta partent à la campagne', '2013-05-13 00:00:00', '1142843272207514', 80),
(229, '192 shades of Gray', '19.00', 'Bla bla bla 192 shades of Gray', '1997-06-18 00:00:00', '3037093945511310', 78),
(230, 'La guerre de Tunisia', '22.00', 'Bla bla bla La guerre de Tunisia', '2001-12-08 00:00:00', '7251042235591003', 15),
(231, 'Le grand amour de Leora', '15.00', 'Bla bla bla Le grand amour de Leora', '1992-11-03 00:00:00', '3587214115008129', 17),
(232, 'Asterix en Belize', '31.00', 'Bla bla bla Asterix en Belize', '1973-11-05 00:00:00', '2162929481044113', 32),
(233, 'Le grand amour de Ivory', '28.00', 'Bla bla bla Le grand amour de Ivory', '1974-11-14 00:00:00', '1658427802721981', 24),
(234, 'Mekhi va faire la fête', '24.00', 'Bla bla bla Mekhi va faire la fête', '1998-05-01 00:00:00', '4660205762103273', 38),
(235, 'Les aventures de Gussie', '10.00', 'Bla bla bla Les aventures de Gussie', '1973-10-10 00:00:00', '9059287160386687', 73),
(236, 'Kameron va faire la fête', '15.00', 'Bla bla bla Kameron va faire la fête', '2004-08-16 00:00:00', '3899661265670380', 44),
(237, 'Gerhard va faire la fête', '22.00', 'Bla bla bla Gerhard va faire la fête', '1990-09-02 00:00:00', '4166642234237375', 76),
(238, 'After a while.', '20.00', 'Bla bla bla After a while.', '2009-07-18 00:00:00', '3550853033192095', 24),
(239, 'La guerre de Germany', '21.00', 'Bla bla bla La guerre de Germany', '2014-06-27 00:00:00', '1056193773892525', 77),
(240, '148 shades of Gray', '31.00', 'Bla bla bla 148 shades of Gray', '1975-12-23 00:00:00', '2068664581846562', 73),
(241, 'Les aventures de Dennis', '29.00', 'Bla bla bla Les aventures de Dennis', '2002-09-08 00:00:00', '7498817277060920', 43),
(242, 'Asterix en Sudan', '35.00', 'Bla bla bla Asterix en Sudan', '1990-07-16 00:00:00', '7497470873254466', 72),
(243, 'Lindsey va faire la fête', '18.00', 'Bla bla bla Lindsey va faire la fête', '1970-03-11 00:00:00', '1927365481017015', 55),
(244, 'Les aventures de Raymond', '15.00', 'Bla bla bla Les aventures de Raymond', '2011-06-02 00:00:00', '5541254916623301', 66),
(245, 'Les aventures de Micheal', '15.00', 'Bla bla bla Les aventures de Micheal', '2014-12-07 00:00:00', '7952105983205481', 56),
(246, 'Never heard of.', '26.00', 'Bla bla bla Never heard of.', '1986-09-17 00:00:00', '5686779631408379', 27),
(247, 'There was a large.', '27.00', 'Bla bla bla There was a large.', '1987-07-16 00:00:00', '3989138070102307', 34),
(248, 'Quadrille is!\'.', '27.00', 'Bla bla bla Quadrille is!\'.', '1986-09-11 00:00:00', '2973962673850715', 73),
(249, 'Asterix en Afghanistan', '28.00', 'Bla bla bla Asterix en Afghanistan', '1997-07-23 00:00:00', '1006771011723936', 78),
(250, 'English!\' said the.', '22.00', 'Bla bla bla English!\' said the.', '2004-01-26 00:00:00', '8855410782472266', 70),
(251, '125 shades of Gray', '11.00', 'Bla bla bla 125 shades of Gray', '1990-04-22 00:00:00', '7156081060341580', 74),
(252, '87 shades of Gray', '15.00', 'Bla bla bla 87 shades of Gray', '1983-02-23 00:00:00', '1518499924475245', 35),
(253, 'Eleonore va faire la fête', '19.00', 'Bla bla bla Eleonore va faire la fête', '2011-03-10 00:00:00', '1773476707187159', 65),
(254, 'La guerre de Slovakia (Slovak Republic)', '28.00', 'Bla bla bla La guerre de Slovakia (Slovak Republic)', '2004-04-24 00:00:00', '1451579657269363', 72),
(255, 'Le grand amour de Lilian', '16.00', 'Bla bla bla Le grand amour de Lilian', '1994-10-07 00:00:00', '3192684107273763', 24),
(256, '82 shades of Gray', '29.00', 'Bla bla bla 82 shades of Gray', '1989-03-14 00:00:00', '6223681804018417', 69),
(257, 'Le grand amour de Brisa', '31.00', 'Bla bla bla Le grand amour de Brisa', '1989-10-10 00:00:00', '2244137510495397', 41),
(258, 'Les aventures de Kaela', '34.00', 'Bla bla bla Les aventures de Kaela', '1977-01-06 00:00:00', '9109036543583078', 39),
(259, 'La guerre de Fiji', '23.00', 'Bla bla bla La guerre de Fiji', '1979-09-15 00:00:00', '8114758090983575', 55),
(260, 'I believe.\' \'Boots.', '10.00', 'Bla bla bla I believe.\' \'Boots.', '1984-12-23 00:00:00', '6492926508005229', 31),
(261, 'Hatter, and he.', '26.00', 'Bla bla bla Hatter, and he.', '1992-10-18 00:00:00', '3625455676931217', 34),
(262, 'Magnus va faire la fête', '14.00', 'Bla bla bla Magnus va faire la fête', '1988-10-05 00:00:00', '2144769512618664', 27),
(263, 'Le grand amour de Davon', '19.00', 'Bla bla bla Le grand amour de Davon', '1998-03-16 00:00:00', '3900463862000763', 4),
(264, '135 shades of Gray', '12.00', 'Bla bla bla 135 shades of Gray', '2005-06-08 00:00:00', '1302721068299940', 88),
(265, 'Clovis va faire la fête', '10.00', 'Bla bla bla Clovis va faire la fête', '1997-01-17 00:00:00', '3968068968516373', 54),
(266, 'Kevin et Orpha partent à la campagne', '16.00', 'Bla bla bla Kevin et Orpha partent à la campagne', '1998-01-23 00:00:00', '7221883637100793', 56),
(267, 'Christa et Eula partent à la campagne', '16.00', 'Bla bla bla Christa et Eula partent à la campagne', '2011-06-05 00:00:00', '4450225672262662', 67),
(268, 'Le grand amour de Kurt', '17.00', 'Bla bla bla Le grand amour de Kurt', '1983-11-24 00:00:00', '9646539423182696', 54),
(269, 'Keanu va faire la fête', '28.00', 'Bla bla bla Keanu va faire la fête', '2005-10-31 00:00:00', '7969158970723913', 34),
(270, 'Les aventures de Frank', '13.00', 'Bla bla bla Les aventures de Frank', '2012-03-07 00:00:00', '2311314050217132', 47),
(271, '129 shades of Gray', '10.00', 'Bla bla bla 129 shades of Gray', '2014-06-25 00:00:00', '6313330166565180', 16),
(272, 'Le grand amour de Dayne', '22.00', 'Bla bla bla Le grand amour de Dayne', '1992-06-04 00:00:00', '4982923159382867', 64),
(273, 'Alaina et Lavon partent à la campagne', '14.00', 'Bla bla bla Alaina et Lavon partent à la campagne', '1972-07-19 00:00:00', '7852769306629923', 23),
(274, 'La guerre de Faroe Islands', '19.00', 'Bla bla bla La guerre de Faroe Islands', '1981-12-16 00:00:00', '2635479741740884', 62),
(275, 'Les aventures de Kaci', '26.00', 'Bla bla bla Les aventures de Kaci', '1996-08-29 00:00:00', '1553376192160197', 6),
(276, 'Duchess, the.', '12.00', 'Bla bla bla Duchess, the.', '1980-09-12 00:00:00', '1384264281405745', 69),
(277, 'Alice took up the.', '31.00', 'Bla bla bla Alice took up the.', '1994-07-14 00:00:00', '4249719802721074', 7),
(278, 'La guerre de Slovenia', '27.00', 'Bla bla bla La guerre de Slovenia', '2007-07-05 00:00:00', '4451840429120901', 48),
(279, 'Le grand amour de Pearlie', '22.00', 'Bla bla bla Le grand amour de Pearlie', '2013-04-13 00:00:00', '6806449757518014', 21),
(280, 'La guerre de Liechtenstein', '25.00', 'Bla bla bla La guerre de Liechtenstein', '2005-07-06 00:00:00', '7147754888530461', 17),
(281, 'La guerre de Guadeloupe', '27.00', 'Bla bla bla La guerre de Guadeloupe', '2003-08-01 00:00:00', '9495132221916115', 47),
(282, '91 shades of Gray', '21.00', 'Bla bla bla 91 shades of Gray', '2006-08-25 00:00:00', '7304513084933831', 29),
(283, 'Aron va faire la fête', '14.00', 'Bla bla bla Aron va faire la fête', '1984-08-18 00:00:00', '7770455398861452', 11),
(284, 'Le grand amour de Calista', '22.00', 'Bla bla bla Le grand amour de Calista', '2011-03-02 00:00:00', '1213121143196228', 40),
(285, 'Alice, who felt.', '19.00', 'Bla bla bla Alice, who felt.', '2009-09-16 00:00:00', '5414431635986173', 90),
(286, 'Asterix en Philippines', '31.00', 'Bla bla bla Asterix en Philippines', '2004-08-08 00:00:00', '6903307686755677', 89),
(287, 'Wonderland, though.', '35.00', 'Bla bla bla Wonderland, though.', '2007-07-10 00:00:00', '7349784263082611', 10),
(288, 'Asterix en Turkey', '17.00', 'Bla bla bla Asterix en Turkey', '1990-07-18 00:00:00', '8171234497166787', 34),
(289, 'It was so full of.', '19.00', 'Bla bla bla It was so full of.', '1979-07-03 00:00:00', '7108552851146515', 4),
(290, 'Les aventures de Matilde', '25.00', 'Bla bla bla Les aventures de Matilde', '2012-01-16 00:00:00', '2682309889907328', 7),
(291, 'I\'ve got to see it.', '29.00', 'Bla bla bla I\'ve got to see it.', '1984-11-18 00:00:00', '1802685099721368', 39),
(292, 'Asterix en Norway', '30.00', 'Bla bla bla Asterix en Norway', '1990-11-13 00:00:00', '3868789767042829', 19),
(293, 'Nya va faire la fête', '12.00', 'Bla bla bla Nya va faire la fête', '2006-10-13 00:00:00', '7813522709470900', 51),
(294, 'La guerre de Colombia', '10.00', 'Bla bla bla La guerre de Colombia', '1971-12-30 00:00:00', '1828685392486575', 29),
(295, 'Madalyn va faire la fête', '23.00', 'Bla bla bla Madalyn va faire la fête', '1970-08-01 00:00:00', '4153208437324542', 24),
(296, 'Les aventures de Lou', '26.00', 'Bla bla bla Les aventures de Lou', '2018-09-14 00:00:00', '7373649130585566', 71),
(297, 'Mabel after all.', '24.00', 'Bla bla bla Mabel after all.', '1988-02-11 00:00:00', '3445959947504573', 19),
(298, 'I\'ll never go.', '29.00', 'Bla bla bla I\'ll never go.', '1992-04-05 00:00:00', '1685853064647004', 20),
(299, '87 shades of Gray', '12.00', 'Bla bla bla 87 shades of Gray', '1989-04-13 00:00:00', '8535044997642091', 71),
(300, 'Nelson et Kacie partent à la campagne', '21.00', 'Bla bla bla Nelson et Kacie partent à la campagne', '2010-12-19 00:00:00', '7702987824536312', 73);

--
-- Index pour les tables déchargées
--

--
-- Index pour la table `auteur`
--
ALTER TABLE `auteur`
  ADD PRIMARY KEY (`id`);

--
-- Index pour la table `client`
--
ALTER TABLE `client`
  ADD PRIMARY KEY (`id`);

--
-- Index pour la table `emprunt`
--
ALTER TABLE `emprunt`
  ADD PRIMARY KEY (`id`),
  ADD KEY `client_id` (`client_id`),
  ADD KEY `exemplaire_id` (`exemplaire_id`);

--
-- Index pour la table `exemplaire`
--
ALTER TABLE `exemplaire`
  ADD PRIMARY KEY (`id`),
  ADD KEY `livre_id` (`livre_id`);

--
-- Index pour la table `livre`
--
ALTER TABLE `livre`
  ADD PRIMARY KEY (`id`),
  ADD KEY `auteur_id` (`auteur_id`);

--
-- AUTO_INCREMENT pour les tables déchargées
--

--
-- AUTO_INCREMENT pour la table `auteur`
--
ALTER TABLE `auteur`
  MODIFY `id` int(11) NOT NULL AUTO_INCREMENT, AUTO_INCREMENT=91;

--
-- AUTO_INCREMENT pour la table `client`
--
ALTER TABLE `client`
  MODIFY `id` int(11) NOT NULL AUTO_INCREMENT, AUTO_INCREMENT=101;

--
-- AUTO_INCREMENT pour la table `emprunt`
--
ALTER TABLE `emprunt`
  MODIFY `id` int(11) NOT NULL AUTO_INCREMENT, AUTO_INCREMENT=501;

--
-- AUTO_INCREMENT pour la table `exemplaire`
--
ALTER TABLE `exemplaire`
  MODIFY `id` int(11) NOT NULL AUTO_INCREMENT, AUTO_INCREMENT=301;

--
-- AUTO_INCREMENT pour la table `livre`
--
ALTER TABLE `livre`
  MODIFY `id` int(11) NOT NULL AUTO_INCREMENT, AUTO_INCREMENT=301;

--
-- Contraintes pour les tables déchargées
--

--
-- Contraintes pour la table `emprunt`
--
ALTER TABLE `emprunt`
  ADD CONSTRAINT `emprunt_ibfk_1` FOREIGN KEY (`client_id`) REFERENCES `client` (`id`),
  ADD CONSTRAINT `emprunt_ibfk_2` FOREIGN KEY (`exemplaire_id`) REFERENCES `exemplaire` (`id`);

--
-- Contraintes pour la table `exemplaire`
--
ALTER TABLE `exemplaire`
  ADD CONSTRAINT `exemplaire_ibfk_1` FOREIGN KEY (`livre_id`) REFERENCES `livre` (`id`);

--
-- Contraintes pour la table `livre`
--
ALTER TABLE `livre`
  ADD CONSTRAINT `livre_ibfk_1` FOREIGN KEY (`auteur_id`) REFERENCES `auteur` (`id`);
COMMIT;

/*!40101 SET CHARACTER_SET_CLIENT=@OLD_CHARACTER_SET_CLIENT */;
/*!40101 SET CHARACTER_SET_RESULTS=@OLD_CHARACTER_SET_RESULTS */;
/*!40101 SET COLLATION_CONNECTION=@OLD_COLLATION_CONNECTION */;
